<?xml version="1.0" encoding="UTF-8"?>
<spirit:component xmlns:xilinx="http://www.xilinx.com" xmlns:spirit="http://www.spiritconsortium.org/XMLSchema/SPIRIT/1685-2009" xmlns:xsi="http://www.w3.org/2001/XMLSchema-instance">
  <spirit:vendor>xilinx.com</spirit:vendor>
  <spirit:library>user</spirit:library>
  <spirit:name>axi_sdcard</spirit:name>
  <spirit:version>1.0</spirit:version>
  <spirit:busInterfaces>
    <spirit:busInterface>
      <spirit:name>S_AXI</spirit:name>
      <spirit:busType spirit:vendor="xilinx.com" spirit:library="interface" spirit:name="aximm" spirit:version="1.0"/>
      <spirit:abstractionType spirit:vendor="xilinx.com" spirit:library="interface" spirit:name="aximm_rtl" spirit:version="1.0"/>
      <spirit:slave>
        <spirit:memoryMapRef spirit:memoryMapRef="S_AXI"/>
      </spirit:slave>
      <spirit:portMaps>
        <spirit:portMap>
          <spirit:logicalPort>
            <spirit:name>AWID</spirit:name>
          </spirit:logicalPort>
          <spirit:physicalPort>
            <spirit:name>S_AXI_AWID</spirit:name>
          </spirit:physicalPort>
        </spirit:portMap>
        <spirit:portMap>
          <spirit:logicalPort>
            <spirit:name>AWADDR</spirit:name>
          </spirit:logicalPort>
          <spirit:physicalPort>
            <spirit:name>S_AXI_AWADDR</spirit:name>
          </spirit:physicalPort>
        </spirit:portMap>
        <spirit:portMap>
          <spirit:logicalPort>
            <spirit:name>AWLEN</spirit:name>
          </spirit:logicalPort>
          <spirit:physicalPort>
            <spirit:name>S_AXI_AWLEN</spirit:name>
          </spirit:physicalPort>
        </spirit:portMap>
        <spirit:portMap>
          <spirit:logicalPort>
            <spirit:name>AWSIZE</spirit:name>
          </spirit:logicalPort>
          <spirit:physicalPort>
            <spirit:name>S_AXI_AWSIZE</spirit:name>
          </spirit:physicalPort>
        </spirit:portMap>
        <spirit:portMap>
          <spirit:logicalPort>
            <spirit:name>AWBURST</spirit:name>
          </spirit:logicalPort>
          <spirit:physicalPort>
            <spirit:name>S_AXI_AWBURST</spirit:name>
          </spirit:physicalPort>
        </spirit:portMap>
        <spirit:portMap>
          <spirit:logicalPort>
            <spirit:name>AWLOCK</spirit:name>
          </spirit:logicalPort>
          <spirit:physicalPort>
            <spirit:name>S_AXI_AWLOCK</spirit:name>
          </spirit:physicalPort>
        </spirit:portMap>
        <spirit:portMap>
          <spirit:logicalPort>
            <spirit:name>AWCACHE</spirit:name>
          </spirit:logicalPort>
          <spirit:physicalPort>
            <spirit:name>S_AXI_AWCACHE</spirit:name>
          </spirit:physicalPort>
        </spirit:portMap>
        <spirit:portMap>
          <spirit:logicalPort>
            <spirit:name>AWPROT</spirit:name>
          </spirit:logicalPort>
          <spirit:physicalPort>
            <spirit:name>S_AXI_AWPROT</spirit:name>
          </spirit:physicalPort>
        </spirit:portMap>
        <spirit:portMap>
          <spirit:logicalPort>
            <spirit:name>AWVALID</spirit:name>
          </spirit:logicalPort>
          <spirit:physicalPort>
            <spirit:name>S_AXI_AWVALID</spirit:name>
          </spirit:physicalPort>
        </spirit:portMap>
        <spirit:portMap>
          <spirit:logicalPort>
            <spirit:name>AWREADY</spirit:name>
          </spirit:logicalPort>
          <spirit:physicalPort>
            <spirit:name>S_AXI_AWREADY</spirit:name>
          </spirit:physicalPort>
        </spirit:portMap>
        <spirit:portMap>
          <spirit:logicalPort>
            <spirit:name>WDATA</spirit:name>
          </spirit:logicalPort>
          <spirit:physicalPort>
            <spirit:name>S_AXI_WDATA</spirit:name>
          </spirit:physicalPort>
        </spirit:portMap>
        <spirit:portMap>
          <spirit:logicalPort>
            <spirit:name>WSTRB</spirit:name>
          </spirit:logicalPort>
          <spirit:physicalPort>
            <spirit:name>S_AXI_WSTRB</spirit:name>
          </spirit:physicalPort>
        </spirit:portMap>
        <spirit:portMap>
          <spirit:logicalPort>
            <spirit:name>WLAST</spirit:name>
          </spirit:logicalPort>
          <spirit:physicalPort>
            <spirit:name>S_AXI_WLAST</spirit:name>
          </spirit:physicalPort>
        </spirit:portMap>
        <spirit:portMap>
          <spirit:logicalPort>
            <spirit:name>WVALID</spirit:name>
          </spirit:logicalPort>
          <spirit:physicalPort>
            <spirit:name>S_AXI_WVALID</spirit:name>
          </spirit:physicalPort>
        </spirit:portMap>
        <spirit:portMap>
          <spirit:logicalPort>
            <spirit:name>WREADY</spirit:name>
          </spirit:logicalPort>
          <spirit:physicalPort>
            <spirit:name>S_AXI_WREADY</spirit:name>
          </spirit:physicalPort>
        </spirit:portMap>
        <spirit:portMap>
          <spirit:logicalPort>
            <spirit:name>BID</spirit:name>
          </spirit:logicalPort>
          <spirit:physicalPort>
            <spirit:name>S_AXI_BID</spirit:name>
          </spirit:physicalPort>
        </spirit:portMap>
        <spirit:portMap>
          <spirit:logicalPort>
            <spirit:name>BRESP</spirit:name>
          </spirit:logicalPort>
          <spirit:physicalPort>
            <spirit:name>S_AXI_BRESP</spirit:name>
          </spirit:physicalPort>
        </spirit:portMap>
        <spirit:portMap>
          <spirit:logicalPort>
            <spirit:name>BVALID</spirit:name>
          </spirit:logicalPort>
          <spirit:physicalPort>
            <spirit:name>S_AXI_BVALID</spirit:name>
          </spirit:physicalPort>
        </spirit:portMap>
        <spirit:portMap>
          <spirit:logicalPort>
            <spirit:name>BREADY</spirit:name>
          </spirit:logicalPort>
          <spirit:physicalPort>
            <spirit:name>S_AXI_BREADY</spirit:name>
          </spirit:physicalPort>
        </spirit:portMap>
        <spirit:portMap>
          <spirit:logicalPort>
            <spirit:name>ARID</spirit:name>
          </spirit:logicalPort>
          <spirit:physicalPort>
            <spirit:name>S_AXI_ARID</spirit:name>
          </spirit:physicalPort>
        </spirit:portMap>
        <spirit:portMap>
          <spirit:logicalPort>
            <spirit:name>ARADDR</spirit:name>
          </spirit:logicalPort>
          <spirit:physicalPort>
            <spirit:name>S_AXI_ARADDR</spirit:name>
          </spirit:physicalPort>
        </spirit:portMap>
        <spirit:portMap>
          <spirit:logicalPort>
            <spirit:name>ARLEN</spirit:name>
          </spirit:logicalPort>
          <spirit:physicalPort>
            <spirit:name>S_AXI_ARLEN</spirit:name>
          </spirit:physicalPort>
        </spirit:portMap>
        <spirit:portMap>
          <spirit:logicalPort>
            <spirit:name>ARSIZE</spirit:name>
          </spirit:logicalPort>
          <spirit:physicalPort>
            <spirit:name>S_AXI_ARSIZE</spirit:name>
          </spirit:physicalPort>
        </spirit:portMap>
        <spirit:portMap>
          <spirit:logicalPort>
            <spirit:name>ARBURST</spirit:name>
          </spirit:logicalPort>
          <spirit:physicalPort>
            <spirit:name>S_AXI_ARBURST</spirit:name>
          </spirit:physicalPort>
        </spirit:portMap>
        <spirit:portMap>
          <spirit:logicalPort>
            <spirit:name>ARLOCK</spirit:name>
          </spirit:logicalPort>
          <spirit:physicalPort>
            <spirit:name>S_AXI_ARLOCK</spirit:name>
          </spirit:physicalPort>
        </spirit:portMap>
        <spirit:portMap>
          <spirit:logicalPort>
            <spirit:name>ARCACHE</spirit:name>
          </spirit:logicalPort>
          <spirit:physicalPort>
            <spirit:name>S_AXI_ARCACHE</spirit:name>
          </spirit:physicalPort>
        </spirit:portMap>
        <spirit:portMap>
          <spirit:logicalPort>
            <spirit:name>ARPROT</spirit:name>
          </spirit:logicalPort>
          <spirit:physicalPort>
            <spirit:name>S_AXI_ARPROT</spirit:name>
          </spirit:physicalPort>
        </spirit:portMap>
        <spirit:portMap>
          <spirit:logicalPort>
            <spirit:name>ARVALID</spirit:name>
          </spirit:logicalPort>
          <spirit:physicalPort>
            <spirit:name>S_AXI_ARVALID</spirit:name>
          </spirit:physicalPort>
        </spirit:portMap>
        <spirit:portMap>
          <spirit:logicalPort>
            <spirit:name>ARREADY</spirit:name>
          </spirit:logicalPort>
          <spirit:physicalPort>
            <spirit:name>S_AXI_ARREADY</spirit:name>
          </spirit:physicalPort>
        </spirit:portMap>
        <spirit:portMap>
          <spirit:logicalPort>
            <spirit:name>RID</spirit:name>
          </spirit:logicalPort>
          <spirit:physicalPort>
            <spirit:name>S_AXI_RID</spirit:name>
          </spirit:physicalPort>
        </spirit:portMap>
        <spirit:portMap>
          <spirit:logicalPort>
            <spirit:name>RDATA</spirit:name>
          </spirit:logicalPort>
          <spirit:physicalPort>
            <spirit:name>S_AXI_RDATA</spirit:name>
          </spirit:physicalPort>
        </spirit:portMap>
        <spirit:portMap>
          <spirit:logicalPort>
            <spirit:name>RRESP</spirit:name>
          </spirit:logicalPort>
          <spirit:physicalPort>
            <spirit:name>S_AXI_RRESP</spirit:name>
          </spirit:physicalPort>
        </spirit:portMap>
        <spirit:portMap>
          <spirit:logicalPort>
            <spirit:name>RLAST</spirit:name>
          </spirit:logicalPort>
          <spirit:physicalPort>
            <spirit:name>S_AXI_RLAST</spirit:name>
          </spirit:physicalPort>
        </spirit:portMap>
        <spirit:portMap>
          <spirit:logicalPort>
            <spirit:name>RVALID</spirit:name>
          </spirit:logicalPort>
          <spirit:physicalPort>
            <spirit:name>S_AXI_RVALID</spirit:name>
          </spirit:physicalPort>
        </spirit:portMap>
        <spirit:portMap>
          <spirit:logicalPort>
            <spirit:name>RREADY</spirit:name>
          </spirit:logicalPort>
          <spirit:physicalPort>
            <spirit:name>S_AXI_RREADY</spirit:name>
          </spirit:physicalPort>
        </spirit:portMap>
      </spirit:portMaps>
      <spirit:parameters>
        <spirit:parameter>
          <spirit:name>WIZ_DATA_WIDTH</spirit:name>
          <spirit:value spirit:format="long" spirit:id="BUSIFPARAM_VALUE.S_AXI.WIZ_DATA_WIDTH" spirit:choiceRef="choice_list_6fc15197">32</spirit:value>
        </spirit:parameter>
        <spirit:parameter>
          <spirit:name>WIZ_NUM_REG</spirit:name>
          <spirit:value spirit:format="long" spirit:id="BUSIFPARAM_VALUE.S_AXI.WIZ_NUM_REG" spirit:minimum="4" spirit:maximum="512" spirit:rangeType="long">4</spirit:value>
        </spirit:parameter>
        <spirit:parameter>
          <spirit:name>SUPPORTS_NARROW_BURST</spirit:name>
          <spirit:value spirit:format="long" spirit:id="BUSIFPARAM_VALUE.S_AXI.SUPPORTS_NARROW_BURST" spirit:choiceRef="choice_pairs_ce1226b1">0</spirit:value>
        </spirit:parameter>
      </spirit:parameters>
    </spirit:busInterface>
    <spirit:busInterface>
      <spirit:name>S_AXI_RST</spirit:name>
      <spirit:busType spirit:vendor="xilinx.com" spirit:library="signal" spirit:name="reset" spirit:version="1.0"/>
      <spirit:abstractionType spirit:vendor="xilinx.com" spirit:library="signal" spirit:name="reset_rtl" spirit:version="1.0"/>
      <spirit:slave/>
      <spirit:portMaps>
        <spirit:portMap>
          <spirit:logicalPort>
            <spirit:name>RST</spirit:name>
          </spirit:logicalPort>
          <spirit:physicalPort>
            <spirit:name>s_axi_aresetn</spirit:name>
          </spirit:physicalPort>
        </spirit:portMap>
      </spirit:portMaps>
      <spirit:parameters>
        <spirit:parameter>
          <spirit:name>POLARITY</spirit:name>
          <spirit:value spirit:id="BUSIFPARAM_VALUE.S_AXI_RST.POLARITY" spirit:choiceRef="choice_list_9d8b0d81">ACTIVE_LOW</spirit:value>
        </spirit:parameter>
      </spirit:parameters>
    </spirit:busInterface>
    <spirit:busInterface>
      <spirit:name>S_AXI_CLK</spirit:name>
      <spirit:busType spirit:vendor="xilinx.com" spirit:library="signal" spirit:name="clock" spirit:version="1.0"/>
      <spirit:abstractionType spirit:vendor="xilinx.com" spirit:library="signal" spirit:name="clock_rtl" spirit:version="1.0"/>
      <spirit:slave/>
      <spirit:portMaps>
        <spirit:portMap>
          <spirit:logicalPort>
            <spirit:name>CLK</spirit:name>
          </spirit:logicalPort>
          <spirit:physicalPort>
            <spirit:name>s_axi_aclk</spirit:name>
          </spirit:physicalPort>
        </spirit:portMap>
      </spirit:portMaps>
      <spirit:parameters>
        <spirit:parameter>
          <spirit:name>ASSOCIATED_BUSIF</spirit:name>
          <spirit:value spirit:id="BUSIFPARAM_VALUE.S_AXI_CLK.ASSOCIATED_BUSIF">S_AXI</spirit:value>
        </spirit:parameter>
        <spirit:parameter>
          <spirit:name>ASSOCIATED_RESET</spirit:name>
          <spirit:value spirit:id="BUSIFPARAM_VALUE.S_AXI_CLK.ASSOCIATED_RESET">s_axi_aresetn</spirit:value>
        </spirit:parameter>
      </spirit:parameters>
    </spirit:busInterface>
  </spirit:busInterfaces>
  <spirit:memoryMaps>
    <spirit:memoryMap>
      <spirit:name>S_AXI</spirit:name>
      <spirit:addressBlock>
        <spirit:name>S_AXI_reg</spirit:name>
        <spirit:baseAddress spirit:format="long" spirit:resolve="user">0</spirit:baseAddress>
        <spirit:range spirit:format="long">4096</spirit:range>
        <spirit:width spirit:format="long">32</spirit:width>
        <spirit:usage>register</spirit:usage>
        <spirit:parameters>
          <spirit:parameter>
            <spirit:name>OFFSET_BASE_PARAM</spirit:name>
            <spirit:value spirit:id="ADDRBLOCKPARAM_VALUE.S_AXI.S_AXI_REG.OFFSET_BASE_PARAM">C_S_AXI_BASEADDR</spirit:value>
          </spirit:parameter>
          <spirit:parameter>
            <spirit:name>OFFSET_HIGH_PARAM</spirit:name>
            <spirit:value spirit:id="ADDRBLOCKPARAM_VALUE.S_AXI.S_AXI_REG.OFFSET_HIGH_PARAM">C_S_AXI_HIGHADDR</spirit:value>
          </spirit:parameter>
        </spirit:parameters>
      </spirit:addressBlock>
    </spirit:memoryMap>
  </spirit:memoryMaps>
  <spirit:model>
    <spirit:views>
      <spirit:view>
        <spirit:name>xilinx_verilogsynthesis</spirit:name>
        <spirit:displayName>Verilog Synthesis</spirit:displayName>
        <spirit:envIdentifier>verilogSource:vivado.xilinx.com:synthesis</spirit:envIdentifier>
        <spirit:language>verilog</spirit:language>
        <spirit:modelName>axi_sdcard_v1_0</spirit:modelName>
        <spirit:fileSetRef>
          <spirit:localName>xilinx_verilogsynthesis_view_fileset</spirit:localName>
        </spirit:fileSetRef>
        <spirit:parameters>
          <spirit:parameter>
            <spirit:name>viewChecksum</spirit:name>
            <spirit:value>cfb385b3</spirit:value>
          </spirit:parameter>
        </spirit:parameters>
      </spirit:view>
      <spirit:view>
        <spirit:name>xilinx_verilogbehavioralsimulation</spirit:name>
        <spirit:displayName>Verilog Simulation</spirit:displayName>
        <spirit:envIdentifier>verilogSource:vivado.xilinx.com:simulation</spirit:envIdentifier>
        <spirit:language>verilog</spirit:language>
        <spirit:modelName>axi_sdcard_v1_0</spirit:modelName>
        <spirit:fileSetRef>
          <spirit:localName>xilinx_verilogbehavioralsimulation_view_fileset</spirit:localName>
        </spirit:fileSetRef>
        <spirit:parameters>
          <spirit:parameter>
            <spirit:name>viewChecksum</spirit:name>
            <spirit:value>cfb385b3</spirit:value>
          </spirit:parameter>
        </spirit:parameters>
      </spirit:view>
      <spirit:view>
        <spirit:name>xilinx_xpgui</spirit:name>
        <spirit:displayName>UI Layout</spirit:displayName>
        <spirit:envIdentifier>:vivado.xilinx.com:xgui.ui</spirit:envIdentifier>
        <spirit:fileSetRef>
          <spirit:localName>xilinx_xpgui_view_fileset</spirit:localName>
        </spirit:fileSetRef>
        <spirit:parameters>
          <spirit:parameter>
            <spirit:name>viewChecksum</spirit:name>
            <spirit:value>4c3249e0</spirit:value>
          </spirit:parameter>
        </spirit:parameters>
      </spirit:view>
      <spirit:view>
        <spirit:name>bd_tcl</spirit:name>
        <spirit:displayName>Block Diagram</spirit:displayName>
        <spirit:envIdentifier>:vivado.xilinx.com:block.diagram</spirit:envIdentifier>
        <spirit:fileSetRef>
          <spirit:localName>bd_tcl_view_fileset</spirit:localName>
        </spirit:fileSetRef>
        <spirit:parameters>
          <spirit:parameter>
            <spirit:name>viewChecksum</spirit:name>
            <spirit:value>16328387</spirit:value>
          </spirit:parameter>
        </spirit:parameters>
      </spirit:view>
    </spirit:views>
    <spirit:ports>
      <spirit:port>
        <spirit:name>S_AXI_ACLK</spirit:name>
        <spirit:wire>
          <spirit:direction>in</spirit:direction>
          <spirit:wireTypeDefs>
            <spirit:wireTypeDef>
              <spirit:typeName>std_logic</spirit:typeName>
              <spirit:viewNameRef>xilinx_verilogsynthesis</spirit:viewNameRef>
              <spirit:viewNameRef>xilinx_verilogbehavioralsimulation</spirit:viewNameRef>
            </spirit:wireTypeDef>
          </spirit:wireTypeDefs>
        </spirit:wire>
      </spirit:port>
      <spirit:port>
        <spirit:name>S_AXI_ARESETN</spirit:name>
        <spirit:wire>
          <spirit:direction>in</spirit:direction>
          <spirit:wireTypeDefs>
            <spirit:wireTypeDef>
              <spirit:typeName>std_logic</spirit:typeName>
              <spirit:viewNameRef>xilinx_verilogsynthesis</spirit:viewNameRef>
              <spirit:viewNameRef>xilinx_verilogbehavioralsimulation</spirit:viewNameRef>
            </spirit:wireTypeDef>
          </spirit:wireTypeDefs>
        </spirit:wire>
      </spirit:port>
      <spirit:port>
        <spirit:name>S_INTRQST</spirit:name>
        <spirit:wire>
          <spirit:direction>out</spirit:direction>
          <spirit:wireTypeDefs>
            <spirit:wireTypeDef>
              <spirit:typeName>std_logic</spirit:typeName>
              <spirit:viewNameRef>xilinx_verilogsynthesis</spirit:viewNameRef>
              <spirit:viewNameRef>xilinx_verilogbehavioralsimulation</spirit:viewNameRef>
            </spirit:wireTypeDef>
          </spirit:wireTypeDefs>
        </spirit:wire>
      </spirit:port>
      <spirit:port>
        <spirit:name>S_AXI_ARADDR</spirit:name>
        <spirit:wire>
          <spirit:direction>in</spirit:direction>
          <spirit:vector>
            <spirit:left spirit:format="long" spirit:resolve="dependent" spirit:dependency="(spirit:decode(id(&apos;MODELPARAM_VALUE.C_S_AXI_ADDR_WIDTH&apos;)) - 1)">31</spirit:left>
            <spirit:right spirit:format="long">0</spirit:right>
          </spirit:vector>
          <spirit:wireTypeDefs>
            <spirit:wireTypeDef>
              <spirit:typeName>std_logic_vector</spirit:typeName>
              <spirit:viewNameRef>xilinx_verilogsynthesis</spirit:viewNameRef>
              <spirit:viewNameRef>xilinx_verilogbehavioralsimulation</spirit:viewNameRef>
            </spirit:wireTypeDef>
          </spirit:wireTypeDefs>
          <spirit:driver>
            <spirit:defaultValue spirit:format="long">0</spirit:defaultValue>
          </spirit:driver>
        </spirit:wire>
      </spirit:port>
      <spirit:port>
        <spirit:name>S_AXI_ARVALID</spirit:name>
        <spirit:wire>
          <spirit:direction>in</spirit:direction>
          <spirit:wireTypeDefs>
            <spirit:wireTypeDef>
              <spirit:typeName>std_logic</spirit:typeName>
              <spirit:viewNameRef>xilinx_verilogsynthesis</spirit:viewNameRef>
              <spirit:viewNameRef>xilinx_verilogbehavioralsimulation</spirit:viewNameRef>
            </spirit:wireTypeDef>
          </spirit:wireTypeDefs>
          <spirit:driver>
            <spirit:defaultValue spirit:format="long">0</spirit:defaultValue>
          </spirit:driver>
        </spirit:wire>
      </spirit:port>
      <spirit:port>
        <spirit:name>S_AXI_ARREADY</spirit:name>
        <spirit:wire>
          <spirit:direction>out</spirit:direction>
          <spirit:wireTypeDefs>
            <spirit:wireTypeDef>
              <spirit:typeName>std_logic</spirit:typeName>
              <spirit:viewNameRef>xilinx_verilogsynthesis</spirit:viewNameRef>
              <spirit:viewNameRef>xilinx_verilogbehavioralsimulation</spirit:viewNameRef>
            </spirit:wireTypeDef>
          </spirit:wireTypeDefs>
        </spirit:wire>
      </spirit:port>
      <spirit:port>
        <spirit:name>S_AXI_ARID</spirit:name>
        <spirit:wire>
          <spirit:direction>in</spirit:direction>
          <spirit:vector>
            <spirit:left spirit:format="long" spirit:resolve="dependent" spirit:dependency="(spirit:decode(id(&apos;MODELPARAM_VALUE.C_S_AXI_ID_WIDTH&apos;)) - 1)">3</spirit:left>
            <spirit:right spirit:format="long">0</spirit:right>
          </spirit:vector>
          <spirit:wireTypeDefs>
            <spirit:wireTypeDef>
              <spirit:typeName>std_logic_vector</spirit:typeName>
              <spirit:viewNameRef>xilinx_verilogsynthesis</spirit:viewNameRef>
              <spirit:viewNameRef>xilinx_verilogbehavioralsimulation</spirit:viewNameRef>
            </spirit:wireTypeDef>
          </spirit:wireTypeDefs>
          <spirit:driver>
            <spirit:defaultValue spirit:format="long">0</spirit:defaultValue>
          </spirit:driver>
        </spirit:wire>
      </spirit:port>
      <spirit:port>
        <spirit:name>S_AXI_ARLEN</spirit:name>
        <spirit:wire>
          <spirit:direction>in</spirit:direction>
          <spirit:vector>
            <spirit:left spirit:format="long">7</spirit:left>
            <spirit:right spirit:format="long">0</spirit:right>
          </spirit:vector>
          <spirit:wireTypeDefs>
            <spirit:wireTypeDef>
              <spirit:typeName>std_logic_vector</spirit:typeName>
              <spirit:viewNameRef>xilinx_verilogsynthesis</spirit:viewNameRef>
              <spirit:viewNameRef>xilinx_verilogbehavioralsimulation</spirit:viewNameRef>
            </spirit:wireTypeDef>
          </spirit:wireTypeDefs>
          <spirit:driver>
            <spirit:defaultValue spirit:format="long">0</spirit:defaultValue>
          </spirit:driver>
        </spirit:wire>
      </spirit:port>
      <spirit:port>
        <spirit:name>S_AXI_ARSIZE</spirit:name>
        <spirit:wire>
          <spirit:direction>in</spirit:direction>
          <spirit:vector>
            <spirit:left spirit:format="long">2</spirit:left>
            <spirit:right spirit:format="long">0</spirit:right>
          </spirit:vector>
          <spirit:wireTypeDefs>
            <spirit:wireTypeDef>
              <spirit:typeName>std_logic_vector</spirit:typeName>
              <spirit:viewNameRef>xilinx_verilogsynthesis</spirit:viewNameRef>
              <spirit:viewNameRef>xilinx_verilogbehavioralsimulation</spirit:viewNameRef>
            </spirit:wireTypeDef>
          </spirit:wireTypeDefs>
        </spirit:wire>
      </spirit:port>
      <spirit:port>
        <spirit:name>S_AXI_ARBURST</spirit:name>
        <spirit:wire>
          <spirit:direction>in</spirit:direction>
          <spirit:vector>
            <spirit:left spirit:format="long">1</spirit:left>
            <spirit:right spirit:format="long">0</spirit:right>
          </spirit:vector>
          <spirit:wireTypeDefs>
            <spirit:wireTypeDef>
              <spirit:typeName>std_logic_vector</spirit:typeName>
              <spirit:viewNameRef>xilinx_verilogsynthesis</spirit:viewNameRef>
              <spirit:viewNameRef>xilinx_verilogbehavioralsimulation</spirit:viewNameRef>
            </spirit:wireTypeDef>
          </spirit:wireTypeDefs>
          <spirit:driver>
            <spirit:defaultValue spirit:format="long">1</spirit:defaultValue>
          </spirit:driver>
        </spirit:wire>
      </spirit:port>
      <spirit:port>
        <spirit:name>S_AXI_ARLOCK</spirit:name>
        <spirit:wire>
          <spirit:direction>in</spirit:direction>
          <spirit:wireTypeDefs>
            <spirit:wireTypeDef>
              <spirit:typeName>std_logic</spirit:typeName>
              <spirit:viewNameRef>xilinx_verilogsynthesis</spirit:viewNameRef>
              <spirit:viewNameRef>xilinx_verilogbehavioralsimulation</spirit:viewNameRef>
            </spirit:wireTypeDef>
          </spirit:wireTypeDefs>
          <spirit:driver>
            <spirit:defaultValue spirit:format="long">0</spirit:defaultValue>
          </spirit:driver>
        </spirit:wire>
      </spirit:port>
      <spirit:port>
        <spirit:name>S_AXI_ARCACHE</spirit:name>
        <spirit:wire>
          <spirit:direction>in</spirit:direction>
          <spirit:vector>
            <spirit:left spirit:format="long">3</spirit:left>
            <spirit:right spirit:format="long">0</spirit:right>
          </spirit:vector>
          <spirit:wireTypeDefs>
            <spirit:wireTypeDef>
              <spirit:typeName>std_logic_vector</spirit:typeName>
              <spirit:viewNameRef>xilinx_verilogsynthesis</spirit:viewNameRef>
              <spirit:viewNameRef>xilinx_verilogbehavioralsimulation</spirit:viewNameRef>
            </spirit:wireTypeDef>
          </spirit:wireTypeDefs>
          <spirit:driver>
            <spirit:defaultValue spirit:format="long">3</spirit:defaultValue>
          </spirit:driver>
        </spirit:wire>
      </spirit:port>
      <spirit:port>
        <spirit:name>S_AXI_ARPROT</spirit:name>
        <spirit:wire>
          <spirit:direction>in</spirit:direction>
          <spirit:vector>
            <spirit:left spirit:format="long">2</spirit:left>
            <spirit:right spirit:format="long">0</spirit:right>
          </spirit:vector>
          <spirit:wireTypeDefs>
            <spirit:wireTypeDef>
              <spirit:typeName>std_logic_vector</spirit:typeName>
              <spirit:viewNameRef>xilinx_verilogsynthesis</spirit:viewNameRef>
              <spirit:viewNameRef>xilinx_verilogbehavioralsimulation</spirit:viewNameRef>
            </spirit:wireTypeDef>
          </spirit:wireTypeDefs>
          <spirit:driver>
            <spirit:defaultValue spirit:format="long">0</spirit:defaultValue>
          </spirit:driver>
        </spirit:wire>
      </spirit:port>
      <spirit:port>
        <spirit:name>S_AXI_RDATA</spirit:name>
        <spirit:wire>
          <spirit:direction>out</spirit:direction>
          <spirit:vector>
            <spirit:left spirit:format="long" spirit:resolve="dependent" spirit:dependency="(spirit:decode(id(&apos;MODELPARAM_VALUE.C_S_AXI_DATA_WIDTH&apos;)) - 1)">31</spirit:left>
            <spirit:right spirit:format="long">0</spirit:right>
          </spirit:vector>
          <spirit:wireTypeDefs>
            <spirit:wireTypeDef>
              <spirit:typeName>std_logic_vector</spirit:typeName>
              <spirit:viewNameRef>xilinx_verilogsynthesis</spirit:viewNameRef>
              <spirit:viewNameRef>xilinx_verilogbehavioralsimulation</spirit:viewNameRef>
            </spirit:wireTypeDef>
          </spirit:wireTypeDefs>
        </spirit:wire>
      </spirit:port>
      <spirit:port>
        <spirit:name>S_AXI_RVALID</spirit:name>
        <spirit:wire>
          <spirit:direction>out</spirit:direction>
          <spirit:wireTypeDefs>
            <spirit:wireTypeDef>
              <spirit:typeName>std_logic</spirit:typeName>
              <spirit:viewNameRef>xilinx_verilogsynthesis</spirit:viewNameRef>
              <spirit:viewNameRef>xilinx_verilogbehavioralsimulation</spirit:viewNameRef>
            </spirit:wireTypeDef>
          </spirit:wireTypeDefs>
        </spirit:wire>
      </spirit:port>
      <spirit:port>
        <spirit:name>S_AXI_RREADY</spirit:name>
        <spirit:wire>
          <spirit:direction>in</spirit:direction>
          <spirit:wireTypeDefs>
            <spirit:wireTypeDef>
              <spirit:typeName>std_logic</spirit:typeName>
              <spirit:viewNameRef>xilinx_verilogsynthesis</spirit:viewNameRef>
              <spirit:viewNameRef>xilinx_verilogbehavioralsimulation</spirit:viewNameRef>
            </spirit:wireTypeDef>
          </spirit:wireTypeDefs>
          <spirit:driver>
            <spirit:defaultValue spirit:format="long">0</spirit:defaultValue>
          </spirit:driver>
        </spirit:wire>
      </spirit:port>
      <spirit:port>
        <spirit:name>S_AXI_RRESP</spirit:name>
        <spirit:wire>
          <spirit:direction>out</spirit:direction>
          <spirit:vector>
            <spirit:left spirit:format="long">1</spirit:left>
            <spirit:right spirit:format="long">0</spirit:right>
          </spirit:vector>
          <spirit:wireTypeDefs>
            <spirit:wireTypeDef>
              <spirit:typeName>std_logic_vector</spirit:typeName>
              <spirit:viewNameRef>xilinx_verilogsynthesis</spirit:viewNameRef>
              <spirit:viewNameRef>xilinx_verilogbehavioralsimulation</spirit:viewNameRef>
            </spirit:wireTypeDef>
          </spirit:wireTypeDefs>
        </spirit:wire>
      </spirit:port>
      <spirit:port>
        <spirit:name>S_AXI_RID</spirit:name>
        <spirit:wire>
          <spirit:direction>out</spirit:direction>
          <spirit:vector>
            <spirit:left spirit:format="long" spirit:resolve="dependent" spirit:dependency="(spirit:decode(id(&apos;MODELPARAM_VALUE.C_S_AXI_ID_WIDTH&apos;)) - 1)">3</spirit:left>
            <spirit:right spirit:format="long">0</spirit:right>
          </spirit:vector>
          <spirit:wireTypeDefs>
            <spirit:wireTypeDef>
              <spirit:typeName>std_logic_vector</spirit:typeName>
              <spirit:viewNameRef>xilinx_verilogsynthesis</spirit:viewNameRef>
              <spirit:viewNameRef>xilinx_verilogbehavioralsimulation</spirit:viewNameRef>
            </spirit:wireTypeDef>
          </spirit:wireTypeDefs>
        </spirit:wire>
      </spirit:port>
      <spirit:port>
        <spirit:name>S_AXI_RLAST</spirit:name>
        <spirit:wire>
          <spirit:direction>out</spirit:direction>
          <spirit:wireTypeDefs>
            <spirit:wireTypeDef>
              <spirit:typeName>std_logic</spirit:typeName>
              <spirit:viewNameRef>xilinx_verilogsynthesis</spirit:viewNameRef>
              <spirit:viewNameRef>xilinx_verilogbehavioralsimulation</spirit:viewNameRef>
            </spirit:wireTypeDef>
          </spirit:wireTypeDefs>
        </spirit:wire>
      </spirit:port>
      <spirit:port>
        <spirit:name>S_AXI_AWADDR</spirit:name>
        <spirit:wire>
          <spirit:direction>in</spirit:direction>
          <spirit:vector>
            <spirit:left spirit:format="long" spirit:resolve="dependent" spirit:dependency="(spirit:decode(id(&apos;MODELPARAM_VALUE.C_S_AXI_ADDR_WIDTH&apos;)) - 1)">31</spirit:left>
            <spirit:right spirit:format="long">0</spirit:right>
          </spirit:vector>
          <spirit:wireTypeDefs>
            <spirit:wireTypeDef>
              <spirit:typeName>std_logic_vector</spirit:typeName>
              <spirit:viewNameRef>xilinx_verilogsynthesis</spirit:viewNameRef>
              <spirit:viewNameRef>xilinx_verilogbehavioralsimulation</spirit:viewNameRef>
            </spirit:wireTypeDef>
          </spirit:wireTypeDefs>
          <spirit:driver>
            <spirit:defaultValue spirit:format="long">0</spirit:defaultValue>
          </spirit:driver>
        </spirit:wire>
      </spirit:port>
      <spirit:port>
        <spirit:name>S_AXI_AWVALID</spirit:name>
        <spirit:wire>
          <spirit:direction>in</spirit:direction>
          <spirit:wireTypeDefs>
            <spirit:wireTypeDef>
              <spirit:typeName>std_logic</spirit:typeName>
              <spirit:viewNameRef>xilinx_verilogsynthesis</spirit:viewNameRef>
              <spirit:viewNameRef>xilinx_verilogbehavioralsimulation</spirit:viewNameRef>
            </spirit:wireTypeDef>
          </spirit:wireTypeDefs>
          <spirit:driver>
            <spirit:defaultValue spirit:format="long">0</spirit:defaultValue>
          </spirit:driver>
        </spirit:wire>
      </spirit:port>
      <spirit:port>
        <spirit:name>S_AXI_AWREADY</spirit:name>
        <spirit:wire>
          <spirit:direction>out</spirit:direction>
          <spirit:wireTypeDefs>
            <spirit:wireTypeDef>
              <spirit:typeName>std_logic</spirit:typeName>
              <spirit:viewNameRef>xilinx_verilogsynthesis</spirit:viewNameRef>
              <spirit:viewNameRef>xilinx_verilogbehavioralsimulation</spirit:viewNameRef>
            </spirit:wireTypeDef>
          </spirit:wireTypeDefs>
        </spirit:wire>
      </spirit:port>
      <spirit:port>
        <spirit:name>S_AXI_AWID</spirit:name>
        <spirit:wire>
          <spirit:direction>in</spirit:direction>
          <spirit:vector>
            <spirit:left spirit:format="long" spirit:resolve="dependent" spirit:dependency="(spirit:decode(id(&apos;MODELPARAM_VALUE.C_S_AXI_ID_WIDTH&apos;)) - 1)">3</spirit:left>
            <spirit:right spirit:format="long">0</spirit:right>
          </spirit:vector>
          <spirit:wireTypeDefs>
            <spirit:wireTypeDef>
              <spirit:typeName>std_logic_vector</spirit:typeName>
              <spirit:viewNameRef>xilinx_verilogsynthesis</spirit:viewNameRef>
              <spirit:viewNameRef>xilinx_verilogbehavioralsimulation</spirit:viewNameRef>
            </spirit:wireTypeDef>
          </spirit:wireTypeDefs>
          <spirit:driver>
            <spirit:defaultValue spirit:format="long">0</spirit:defaultValue>
          </spirit:driver>
        </spirit:wire>
      </spirit:port>
      <spirit:port>
        <spirit:name>S_AXI_AWLEN</spirit:name>
        <spirit:wire>
          <spirit:direction>in</spirit:direction>
          <spirit:vector>
            <spirit:left spirit:format="long">7</spirit:left>
            <spirit:right spirit:format="long">0</spirit:right>
          </spirit:vector>
          <spirit:wireTypeDefs>
            <spirit:wireTypeDef>
              <spirit:typeName>std_logic_vector</spirit:typeName>
              <spirit:viewNameRef>xilinx_verilogsynthesis</spirit:viewNameRef>
              <spirit:viewNameRef>xilinx_verilogbehavioralsimulation</spirit:viewNameRef>
            </spirit:wireTypeDef>
          </spirit:wireTypeDefs>
          <spirit:driver>
            <spirit:defaultValue spirit:format="long">0</spirit:defaultValue>
          </spirit:driver>
        </spirit:wire>
      </spirit:port>
      <spirit:port>
        <spirit:name>S_AXI_AWSIZE</spirit:name>
        <spirit:wire>
          <spirit:direction>in</spirit:direction>
          <spirit:vector>
            <spirit:left spirit:format="long">2</spirit:left>
            <spirit:right spirit:format="long">0</spirit:right>
          </spirit:vector>
          <spirit:wireTypeDefs>
            <spirit:wireTypeDef>
              <spirit:typeName>std_logic_vector</spirit:typeName>
              <spirit:viewNameRef>xilinx_verilogsynthesis</spirit:viewNameRef>
              <spirit:viewNameRef>xilinx_verilogbehavioralsimulation</spirit:viewNameRef>
            </spirit:wireTypeDef>
          </spirit:wireTypeDefs>
        </spirit:wire>
      </spirit:port>
      <spirit:port>
        <spirit:name>S_AXI_AWBURST</spirit:name>
        <spirit:wire>
          <spirit:direction>in</spirit:direction>
          <spirit:vector>
            <spirit:left spirit:format="long">1</spirit:left>
            <spirit:right spirit:format="long">0</spirit:right>
          </spirit:vector>
          <spirit:wireTypeDefs>
            <spirit:wireTypeDef>
              <spirit:typeName>std_logic_vector</spirit:typeName>
              <spirit:viewNameRef>xilinx_verilogsynthesis</spirit:viewNameRef>
              <spirit:viewNameRef>xilinx_verilogbehavioralsimulation</spirit:viewNameRef>
            </spirit:wireTypeDef>
          </spirit:wireTypeDefs>
          <spirit:driver>
            <spirit:defaultValue spirit:format="long">1</spirit:defaultValue>
          </spirit:driver>
        </spirit:wire>
      </spirit:port>
      <spirit:port>
        <spirit:name>S_AXI_AWLOCK</spirit:name>
        <spirit:wire>
          <spirit:direction>in</spirit:direction>
          <spirit:wireTypeDefs>
            <spirit:wireTypeDef>
              <spirit:typeName>std_logic</spirit:typeName>
              <spirit:viewNameRef>xilinx_verilogsynthesis</spirit:viewNameRef>
              <spirit:viewNameRef>xilinx_verilogbehavioralsimulation</spirit:viewNameRef>
            </spirit:wireTypeDef>
          </spirit:wireTypeDefs>
          <spirit:driver>
            <spirit:defaultValue spirit:format="long">0</spirit:defaultValue>
          </spirit:driver>
        </spirit:wire>
      </spirit:port>
      <spirit:port>
        <spirit:name>S_AXI_AWCACHE</spirit:name>
        <spirit:wire>
          <spirit:direction>in</spirit:direction>
          <spirit:vector>
            <spirit:left spirit:format="long">3</spirit:left>
            <spirit:right spirit:format="long">0</spirit:right>
          </spirit:vector>
          <spirit:wireTypeDefs>
            <spirit:wireTypeDef>
              <spirit:typeName>std_logic_vector</spirit:typeName>
              <spirit:viewNameRef>xilinx_verilogsynthesis</spirit:viewNameRef>
              <spirit:viewNameRef>xilinx_verilogbehavioralsimulation</spirit:viewNameRef>
            </spirit:wireTypeDef>
          </spirit:wireTypeDefs>
          <spirit:driver>
            <spirit:defaultValue spirit:format="long">3</spirit:defaultValue>
          </spirit:driver>
        </spirit:wire>
      </spirit:port>
      <spirit:port>
        <spirit:name>S_AXI_AWPROT</spirit:name>
        <spirit:wire>
          <spirit:direction>in</spirit:direction>
          <spirit:vector>
            <spirit:left spirit:format="long">2</spirit:left>
            <spirit:right spirit:format="long">0</spirit:right>
          </spirit:vector>
          <spirit:wireTypeDefs>
            <spirit:wireTypeDef>
              <spirit:typeName>std_logic_vector</spirit:typeName>
              <spirit:viewNameRef>xilinx_verilogsynthesis</spirit:viewNameRef>
              <spirit:viewNameRef>xilinx_verilogbehavioralsimulation</spirit:viewNameRef>
            </spirit:wireTypeDef>
          </spirit:wireTypeDefs>
          <spirit:driver>
            <spirit:defaultValue spirit:format="long">0</spirit:defaultValue>
          </spirit:driver>
        </spirit:wire>
      </spirit:port>
      <spirit:port>
        <spirit:name>S_AXI_WDATA</spirit:name>
        <spirit:wire>
          <spirit:direction>in</spirit:direction>
          <spirit:vector>
            <spirit:left spirit:format="long" spirit:resolve="dependent" spirit:dependency="(spirit:decode(id(&apos;MODELPARAM_VALUE.C_S_AXI_DATA_WIDTH&apos;)) - 1)">31</spirit:left>
            <spirit:right spirit:format="long">0</spirit:right>
          </spirit:vector>
          <spirit:wireTypeDefs>
            <spirit:wireTypeDef>
              <spirit:typeName>std_logic_vector</spirit:typeName>
              <spirit:viewNameRef>xilinx_verilogsynthesis</spirit:viewNameRef>
              <spirit:viewNameRef>xilinx_verilogbehavioralsimulation</spirit:viewNameRef>
            </spirit:wireTypeDef>
          </spirit:wireTypeDefs>
          <spirit:driver>
            <spirit:defaultValue spirit:format="long">0</spirit:defaultValue>
          </spirit:driver>
        </spirit:wire>
      </spirit:port>
      <spirit:port>
        <spirit:name>S_AXI_WVALID</spirit:name>
        <spirit:wire>
          <spirit:direction>in</spirit:direction>
          <spirit:wireTypeDefs>
            <spirit:wireTypeDef>
              <spirit:typeName>std_logic</spirit:typeName>
              <spirit:viewNameRef>xilinx_verilogsynthesis</spirit:viewNameRef>
              <spirit:viewNameRef>xilinx_verilogbehavioralsimulation</spirit:viewNameRef>
            </spirit:wireTypeDef>
          </spirit:wireTypeDefs>
          <spirit:driver>
            <spirit:defaultValue spirit:format="long">0</spirit:defaultValue>
          </spirit:driver>
        </spirit:wire>
      </spirit:port>
      <spirit:port>
        <spirit:name>S_AXI_WREADY</spirit:name>
        <spirit:wire>
          <spirit:direction>out</spirit:direction>
          <spirit:wireTypeDefs>
            <spirit:wireTypeDef>
              <spirit:typeName>std_logic</spirit:typeName>
              <spirit:viewNameRef>xilinx_verilogsynthesis</spirit:viewNameRef>
              <spirit:viewNameRef>xilinx_verilogbehavioralsimulation</spirit:viewNameRef>
            </spirit:wireTypeDef>
          </spirit:wireTypeDefs>
        </spirit:wire>
      </spirit:port>
      <spirit:port>
        <spirit:name>S_AXI_WSTRB</spirit:name>
        <spirit:wire>
          <spirit:direction>in</spirit:direction>
          <spirit:vector>
            <spirit:left spirit:format="long" spirit:resolve="dependent" spirit:dependency="((spirit:decode(id(&apos;MODELPARAM_VALUE.C_S_AXI_DATA_WIDTH&apos;)) / 8) - 1)">3</spirit:left>
            <spirit:right spirit:format="long">0</spirit:right>
          </spirit:vector>
          <spirit:wireTypeDefs>
            <spirit:wireTypeDef>
              <spirit:typeName>std_logic_vector</spirit:typeName>
              <spirit:viewNameRef>xilinx_verilogsynthesis</spirit:viewNameRef>
              <spirit:viewNameRef>xilinx_verilogbehavioralsimulation</spirit:viewNameRef>
            </spirit:wireTypeDef>
          </spirit:wireTypeDefs>
          <spirit:driver>
            <spirit:defaultValue spirit:format="long">1</spirit:defaultValue>
          </spirit:driver>
        </spirit:wire>
      </spirit:port>
      <spirit:port>
        <spirit:name>S_AXI_WLAST</spirit:name>
        <spirit:wire>
          <spirit:direction>in</spirit:direction>
          <spirit:wireTypeDefs>
            <spirit:wireTypeDef>
              <spirit:typeName>std_logic</spirit:typeName>
              <spirit:viewNameRef>xilinx_verilogsynthesis</spirit:viewNameRef>
              <spirit:viewNameRef>xilinx_verilogbehavioralsimulation</spirit:viewNameRef>
            </spirit:wireTypeDef>
          </spirit:wireTypeDefs>
          <spirit:driver>
            <spirit:defaultValue spirit:format="long">0</spirit:defaultValue>
          </spirit:driver>
        </spirit:wire>
      </spirit:port>
      <spirit:port>
        <spirit:name>S_AXI_BREADY</spirit:name>
        <spirit:wire>
          <spirit:direction>in</spirit:direction>
          <spirit:wireTypeDefs>
            <spirit:wireTypeDef>
              <spirit:typeName>std_logic</spirit:typeName>
              <spirit:viewNameRef>xilinx_verilogsynthesis</spirit:viewNameRef>
              <spirit:viewNameRef>xilinx_verilogbehavioralsimulation</spirit:viewNameRef>
            </spirit:wireTypeDef>
          </spirit:wireTypeDefs>
          <spirit:driver>
            <spirit:defaultValue spirit:format="long">0</spirit:defaultValue>
          </spirit:driver>
        </spirit:wire>
      </spirit:port>
      <spirit:port>
        <spirit:name>S_AXI_BRESP</spirit:name>
        <spirit:wire>
          <spirit:direction>out</spirit:direction>
          <spirit:vector>
            <spirit:left spirit:format="long">1</spirit:left>
            <spirit:right spirit:format="long">0</spirit:right>
          </spirit:vector>
          <spirit:wireTypeDefs>
            <spirit:wireTypeDef>
              <spirit:typeName>std_logic_vector</spirit:typeName>
              <spirit:viewNameRef>xilinx_verilogsynthesis</spirit:viewNameRef>
              <spirit:viewNameRef>xilinx_verilogbehavioralsimulation</spirit:viewNameRef>
            </spirit:wireTypeDef>
          </spirit:wireTypeDefs>
        </spirit:wire>
      </spirit:port>
      <spirit:port>
        <spirit:name>S_AXI_BVALID</spirit:name>
        <spirit:wire>
          <spirit:direction>out</spirit:direction>
          <spirit:wireTypeDefs>
            <spirit:wireTypeDef>
              <spirit:typeName>std_logic</spirit:typeName>
              <spirit:viewNameRef>xilinx_verilogsynthesis</spirit:viewNameRef>
              <spirit:viewNameRef>xilinx_verilogbehavioralsimulation</spirit:viewNameRef>
            </spirit:wireTypeDef>
          </spirit:wireTypeDefs>
        </spirit:wire>
      </spirit:port>
      <spirit:port>
        <spirit:name>S_AXI_BID</spirit:name>
        <spirit:wire>
          <spirit:direction>out</spirit:direction>
          <spirit:vector>
            <spirit:left spirit:format="long" spirit:resolve="dependent" spirit:dependency="(spirit:decode(id(&apos;MODELPARAM_VALUE.C_S_AXI_ID_WIDTH&apos;)) - 1)">3</spirit:left>
            <spirit:right spirit:format="long">0</spirit:right>
          </spirit:vector>
          <spirit:wireTypeDefs>
            <spirit:wireTypeDef>
              <spirit:typeName>std_logic_vector</spirit:typeName>
              <spirit:viewNameRef>xilinx_verilogsynthesis</spirit:viewNameRef>
              <spirit:viewNameRef>xilinx_verilogbehavioralsimulation</spirit:viewNameRef>
            </spirit:wireTypeDef>
          </spirit:wireTypeDefs>
        </spirit:wire>
      </spirit:port>
      <spirit:port>
        <spirit:name>S_SDCARDSCLK</spirit:name>
        <spirit:wire>
          <spirit:direction>out</spirit:direction>
          <spirit:wireTypeDefs>
            <spirit:wireTypeDef>
              <spirit:typeName>std_logic</spirit:typeName>
              <spirit:viewNameRef>xilinx_verilogsynthesis</spirit:viewNameRef>
              <spirit:viewNameRef>xilinx_verilogbehavioralsimulation</spirit:viewNameRef>
            </spirit:wireTypeDef>
          </spirit:wireTypeDefs>
        </spirit:wire>
      </spirit:port>
      <spirit:port>
        <spirit:name>S_SDCARDMOSI</spirit:name>
        <spirit:wire>
          <spirit:direction>out</spirit:direction>
          <spirit:wireTypeDefs>
            <spirit:wireTypeDef>
              <spirit:typeName>std_logic</spirit:typeName>
              <spirit:viewNameRef>xilinx_verilogsynthesis</spirit:viewNameRef>
              <spirit:viewNameRef>xilinx_verilogbehavioralsimulation</spirit:viewNameRef>
            </spirit:wireTypeDef>
          </spirit:wireTypeDefs>
        </spirit:wire>
      </spirit:port>
      <spirit:port>
        <spirit:name>S_SDCARDMISO</spirit:name>
        <spirit:wire>
          <spirit:direction>in</spirit:direction>
          <spirit:wireTypeDefs>
            <spirit:wireTypeDef>
              <spirit:typeName>std_logic</spirit:typeName>
              <spirit:viewNameRef>xilinx_verilogsynthesis</spirit:viewNameRef>
              <spirit:viewNameRef>xilinx_verilogbehavioralsimulation</spirit:viewNameRef>
            </spirit:wireTypeDef>
          </spirit:wireTypeDefs>
        </spirit:wire>
      </spirit:port>
      <spirit:port>
        <spirit:name>S_SDCARDCS</spirit:name>
        <spirit:wire>
          <spirit:direction>out</spirit:direction>
          <spirit:wireTypeDefs>
            <spirit:wireTypeDef>
              <spirit:typeName>std_logic</spirit:typeName>
              <spirit:viewNameRef>xilinx_verilogsynthesis</spirit:viewNameRef>
              <spirit:viewNameRef>xilinx_verilogbehavioralsimulation</spirit:viewNameRef>
            </spirit:wireTypeDef>
          </spirit:wireTypeDefs>
        </spirit:wire>
      </spirit:port>
    </spirit:ports>
    <spirit:modelParameters>
      <spirit:modelParameter xsi:type="spirit:nameValueTypeType" spirit:dataType="integer">
        <spirit:name>C_S_AXI_DATA_WIDTH</spirit:name>
        <spirit:displayName>C S AXI DATA WIDTH</spirit:displayName>
        <spirit:description>Width of S_AXI data bus</spirit:description>
        <spirit:value spirit:format="long" spirit:resolve="generated" spirit:id="MODELPARAM_VALUE.C_S_AXI_DATA_WIDTH" spirit:order="3" spirit:rangeType="long">32</spirit:value>
      </spirit:modelParameter>
      <spirit:modelParameter spirit:dataType="integer">
        <spirit:name>C_S_AXI_ADDR_WIDTH</spirit:name>
        <spirit:displayName>C S AXI ADDR WIDTH</spirit:displayName>
        <spirit:description>Width of S_AXI address bus</spirit:description>
        <spirit:value spirit:format="long" spirit:resolve="generated" spirit:id="MODELPARAM_VALUE.C_S_AXI_ADDR_WIDTH" spirit:order="4" spirit:rangeType="long">32</spirit:value>
      </spirit:modelParameter>
      <spirit:modelParameter spirit:dataType="integer">
        <spirit:name>C_S_AXI_ID_WIDTH</spirit:name>
        <spirit:displayName>C S Axi Id Width</spirit:displayName>
        <spirit:value spirit:format="long" spirit:resolve="generated" spirit:id="MODELPARAM_VALUE.C_S_AXI_ID_WIDTH">4</spirit:value>
      </spirit:modelParameter>
      <spirit:modelParameter spirit:dataType="integer">
        <spirit:name>C_S_AXI_ACLK_FREQ_HZ</spirit:name>
        <spirit:displayName>C S Axi Aclk Freq Hz</spirit:displayName>
        <spirit:value spirit:format="long" spirit:resolve="generated" spirit:id="MODELPARAM_VALUE.C_S_AXI_ACLK_FREQ_HZ">100000000</spirit:value>
      </spirit:modelParameter>
      <spirit:modelParameter spirit:dataType="integer">
        <spirit:name>C_S_AXI_MEM0_BASEADDR</spirit:name>
        <spirit:displayName>C S Axi Mem0 Baseaddr</spirit:displayName>
        <spirit:value spirit:format="bitString" spirit:resolve="generated" spirit:id="MODELPARAM_VALUE.C_S_AXI_MEM0_BASEADDR" spirit:bitStringLength="32">0xFFFFFFFF</spirit:value>
      </spirit:modelParameter>
      <spirit:modelParameter spirit:dataType="integer">
        <spirit:name>OKAY</spirit:name>
        <spirit:displayName>Okay</spirit:displayName>
        <spirit:value spirit:format="bitString" spirit:resolve="generated" spirit:id="MODELPARAM_VALUE.OKAY" spirit:bitStringLength="2">&quot;00&quot;</spirit:value>
      </spirit:modelParameter>
      <spirit:modelParameter spirit:dataType="integer">
        <spirit:name>EXOKAY</spirit:name>
        <spirit:displayName>Exokay</spirit:displayName>
        <spirit:value spirit:format="bitString" spirit:resolve="generated" spirit:id="MODELPARAM_VALUE.EXOKAY" spirit:bitStringLength="2">&quot;01&quot;</spirit:value>
      </spirit:modelParameter>
      <spirit:modelParameter spirit:dataType="integer">
        <spirit:name>C_S_AXI_ARUSER_WIDTH</spirit:name>
        <spirit:displayName>C S Axi Aruser Width</spirit:displayName>
        <spirit:value spirit:format="long" spirit:resolve="generated" spirit:id="MODELPARAM_VALUE.C_S_AXI_ARUSER_WIDTH">32</spirit:value>
      </spirit:modelParameter>
      <spirit:modelParameter spirit:dataType="integer">
        <spirit:name>C_S_AXI_AWUSER_WIDTH</spirit:name>
        <spirit:displayName>C S Axi Awuser Width</spirit:displayName>
        <spirit:value spirit:format="long" spirit:resolve="generated" spirit:id="MODELPARAM_VALUE.C_S_AXI_AWUSER_WIDTH">32</spirit:value>
      </spirit:modelParameter>
      <spirit:modelParameter spirit:dataType="integer">
        <spirit:name>C_S_AXI_WUSER_WIDTH</spirit:name>
        <spirit:displayName>C S Axi Wuser Width</spirit:displayName>
        <spirit:value spirit:format="long" spirit:resolve="generated" spirit:id="MODELPARAM_VALUE.C_S_AXI_WUSER_WIDTH">32</spirit:value>
      </spirit:modelParameter>
      <spirit:modelParameter spirit:dataType="integer">
        <spirit:name>C_S_AXI_RUSER_WIDTH</spirit:name>
        <spirit:displayName>C S Axi Ruser Width</spirit:displayName>
        <spirit:value spirit:format="long" spirit:resolve="generated" spirit:id="MODELPARAM_VALUE.C_S_AXI_RUSER_WIDTH">32</spirit:value>
      </spirit:modelParameter>
      <spirit:modelParameter spirit:dataType="integer">
        <spirit:name>C_S_AXI_BUSER_WIDTH</spirit:name>
        <spirit:displayName>C S Axi Buser Width</spirit:displayName>
        <spirit:value spirit:format="long" spirit:resolve="generated" spirit:id="MODELPARAM_VALUE.C_S_AXI_BUSER_WIDTH">32</spirit:value>
      </spirit:modelParameter>
    </spirit:modelParameters>
  </spirit:model>
  <spirit:choices>
    <spirit:choice>
      <spirit:name>choice_list_6fc15197</spirit:name>
      <spirit:enumeration>32</spirit:enumeration>
    </spirit:choice>
    <spirit:choice>
      <spirit:name>choice_list_9d8b0d81</spirit:name>
      <spirit:enumeration>ACTIVE_HIGH</spirit:enumeration>
      <spirit:enumeration>ACTIVE_LOW</spirit:enumeration>
    </spirit:choice>
    <spirit:choice>
      <spirit:name>choice_pairs_ce1226b1</spirit:name>
      <spirit:enumeration spirit:text="true">1</spirit:enumeration>
      <spirit:enumeration spirit:text="false">0</spirit:enumeration>
    </spirit:choice>
  </spirit:choices>
  <spirit:fileSets>
    <spirit:fileSet>
      <spirit:name>xilinx_verilogsynthesis_view_fileset</spirit:name>
      <spirit:file>
        <spirit:name>src/clog2.v</spirit:name>
        <spirit:fileType>verilogSource</spirit:fileType>
      </spirit:file>
      <spirit:file>
        <spirit:name>src/fifo.v</spirit:name>
        <spirit:fileType>verilogSource</spirit:fileType>
      </spirit:file>
      <spirit:file>
        <spirit:name>src/phy.spimaster.v</spirit:name>
        <spirit:fileType>verilogSource</spirit:fileType>
      </spirit:file>
      <spirit:file>
        <spirit:name>src/spimaster.v</spirit:name>
        <spirit:fileType>verilogSource</spirit:fileType>
      </spirit:file>
      <spirit:file>
        <spirit:name>src/spimode.sdcard.v</spirit:name>
        <spirit:fileType>verilogSource</spirit:fileType>
      </spirit:file>
      <spirit:file>
        <spirit:name>src/sdcard.v</spirit:name>
        <spirit:fileType>verilogSource</spirit:fileType>
      </spirit:file>
      <spirit:file>
        <spirit:name>src/axi_sdcard_v1_0.v</spirit:name>
        <spirit:fileType>verilogSource</spirit:fileType>
        <spirit:userFileType>CHECKSUM_a27097fe</spirit:userFileType>
      </spirit:file>
    </spirit:fileSet>
    <spirit:fileSet>
      <spirit:name>xilinx_verilogbehavioralsimulation_view_fileset</spirit:name>
      <spirit:file>
        <spirit:name>src/clog2.v</spirit:name>
        <spirit:fileType>verilogSource</spirit:fileType>
      </spirit:file>
      <spirit:file>
        <spirit:name>src/fifo.v</spirit:name>
        <spirit:fileType>verilogSource</spirit:fileType>
      </spirit:file>
      <spirit:file>
        <spirit:name>src/phy.spimaster.v</spirit:name>
        <spirit:fileType>verilogSource</spirit:fileType>
      </spirit:file>
      <spirit:file>
        <spirit:name>src/spimaster.v</spirit:name>
        <spirit:fileType>verilogSource</spirit:fileType>
      </spirit:file>
      <spirit:file>
        <spirit:name>src/spimode.sdcard.v</spirit:name>
        <spirit:fileType>verilogSource</spirit:fileType>
      </spirit:file>
      <spirit:file>
        <spirit:name>src/sdcard.v</spirit:name>
        <spirit:fileType>verilogSource</spirit:fileType>
      </spirit:file>
      <spirit:file>
        <spirit:name>src/axi_sdcard_v1_0.v</spirit:name>
        <spirit:fileType>verilogSource</spirit:fileType>
      </spirit:file>
    </spirit:fileSet>
    <spirit:fileSet>
      <spirit:name>xilinx_xpgui_view_fileset</spirit:name>
      <spirit:file>
        <spirit:name>xgui/axi_sdcard_v1_0.tcl</spirit:name>
        <spirit:fileType>tclSource</spirit:fileType>
        <spirit:userFileType>CHECKSUM_4c3249e0</spirit:userFileType>
        <spirit:userFileType>XGUI_VERSION_2</spirit:userFileType>
      </spirit:file>
    </spirit:fileSet>
    <spirit:fileSet>
      <spirit:name>bd_tcl_view_fileset</spirit:name>
      <spirit:file>
        <spirit:name>bd/bd.tcl</spirit:name>
        <spirit:fileType>tclSource</spirit:fileType>
      </spirit:file>
    </spirit:fileSet>
  </spirit:fileSets>
  <spirit:description>My new AXI IP</spirit:description>
  <spirit:parameters>
    <spirit:parameter>
      <spirit:name>C_S_AXI_DATA_WIDTH</spirit:name>
      <spirit:displayName>C S AXI DATA WIDTH</spirit:displayName>
      <spirit:description>Width of S_AXI data bus</spirit:description>
      <spirit:value spirit:format="long" spirit:resolve="user" spirit:id="PARAM_VALUE.C_S_AXI_DATA_WIDTH" spirit:choiceRef="choice_list_6fc15197" spirit:order="3">32</spirit:value>
      <spirit:vendorExtensions>
        <xilinx:parameterInfo>
          <xilinx:enablement>
            <xilinx:isEnabled xilinx:id="PARAM_ENABLEMENT.C_S_AXI_DATA_WIDTH">false</xilinx:isEnabled>
          </xilinx:enablement>
        </xilinx:parameterInfo>
      </spirit:vendorExtensions>
    </spirit:parameter>
    <spirit:parameter>
      <spirit:name>C_S_AXI_ADDR_WIDTH</spirit:name>
      <spirit:displayName>C S AXI ADDR WIDTH</spirit:displayName>
      <spirit:description>Width of S_AXI address bus</spirit:description>
      <spirit:value spirit:format="long" spirit:resolve="user" spirit:id="PARAM_VALUE.C_S_AXI_ADDR_WIDTH" spirit:order="4" spirit:rangeType="long">32</spirit:value>
      <spirit:vendorExtensions>
        <xilinx:parameterInfo>
          <xilinx:enablement>
            <xilinx:isEnabled xilinx:id="PARAM_ENABLEMENT.C_S_AXI_ADDR_WIDTH">false</xilinx:isEnabled>
          </xilinx:enablement>
        </xilinx:parameterInfo>
      </spirit:vendorExtensions>
    </spirit:parameter>
    <spirit:parameter>
      <spirit:name>C_S_AXI_BASEADDR</spirit:name>
      <spirit:displayName>C S AXI BASEADDR</spirit:displayName>
      <spirit:value spirit:format="bitString" spirit:resolve="user" spirit:id="PARAM_VALUE.C_S_AXI_BASEADDR" spirit:order="5" spirit:bitStringLength="32">0xFFFFFFFF</spirit:value>
      <spirit:vendorExtensions>
        <xilinx:parameterInfo>
          <xilinx:enablement>
            <xilinx:isEnabled xilinx:id="PARAM_ENABLEMENT.C_S_AXI_BASEADDR">false</xilinx:isEnabled>
          </xilinx:enablement>
        </xilinx:parameterInfo>
      </spirit:vendorExtensions>
    </spirit:parameter>
    <spirit:parameter>
      <spirit:name>C_S_AXI_HIGHADDR</spirit:name>
      <spirit:displayName>C S AXI HIGHADDR</spirit:displayName>
      <spirit:value spirit:format="bitString" spirit:resolve="user" spirit:id="PARAM_VALUE.C_S_AXI_HIGHADDR" spirit:order="6" spirit:bitStringLength="32">0x00000000</spirit:value>
      <spirit:vendorExtensions>
        <xilinx:parameterInfo>
          <xilinx:enablement>
            <xilinx:isEnabled xilinx:id="PARAM_ENABLEMENT.C_S_AXI_HIGHADDR">false</xilinx:isEnabled>
          </xilinx:enablement>
        </xilinx:parameterInfo>
      </spirit:vendorExtensions>
    </spirit:parameter>
    <spirit:parameter>
      <spirit:name>Component_Name</spirit:name>
      <spirit:value spirit:resolve="user" spirit:id="PARAM_VALUE.Component_Name" spirit:order="1">axi_sdcard_v1_0</spirit:value>
    </spirit:parameter>
    <spirit:parameter>
      <spirit:name>C_S_AXI_ID_WIDTH</spirit:name>
      <spirit:displayName>C S Axi Id Width</spirit:displayName>
      <spirit:value spirit:format="long" spirit:resolve="user" spirit:id="PARAM_VALUE.C_S_AXI_ID_WIDTH">4</spirit:value>
    </spirit:parameter>
    <spirit:parameter>
      <spirit:name>C_S_AXI_ACLK_FREQ_HZ</spirit:name>
      <spirit:displayName>C S Axi Aclk Freq Hz</spirit:displayName>
      <spirit:value spirit:format="long" spirit:resolve="user" spirit:id="PARAM_VALUE.C_S_AXI_ACLK_FREQ_HZ">100000000</spirit:value>
    </spirit:parameter>
    <spirit:parameter>
      <spirit:name>C_S_AXI_MEM0_BASEADDR</spirit:name>
      <spirit:displayName>C S Axi Mem0 Baseaddr</spirit:displayName>
      <spirit:value spirit:format="bitString" spirit:resolve="user" spirit:id="PARAM_VALUE.C_S_AXI_MEM0_BASEADDR" spirit:bitStringLength="32">0xFFFFFFFF</spirit:value>
    </spirit:parameter>
    <spirit:parameter>
      <spirit:name>OKAY</spirit:name>
      <spirit:displayName>Okay</spirit:displayName>
      <spirit:value spirit:format="bitString" spirit:resolve="user" spirit:id="PARAM_VALUE.OKAY" spirit:bitStringLength="2">&quot;00&quot;</spirit:value>
    </spirit:parameter>
    <spirit:parameter>
      <spirit:name>EXOKAY</spirit:name>
      <spirit:displayName>Exokay</spirit:displayName>
      <spirit:value spirit:format="bitString" spirit:resolve="user" spirit:id="PARAM_VALUE.EXOKAY" spirit:bitStringLength="2">&quot;01&quot;</spirit:value>
    </spirit:parameter>
    <spirit:parameter>
      <spirit:name>C_S_AXI_ARUSER_WIDTH</spirit:name>
      <spirit:displayName>C S Axi Aruser Width</spirit:displayName>
      <spirit:value spirit:format="long" spirit:resolve="user" spirit:id="PARAM_VALUE.C_S_AXI_ARUSER_WIDTH">32</spirit:value>
    </spirit:parameter>
    <spirit:parameter>
      <spirit:name>C_S_AXI_AWUSER_WIDTH</spirit:name>
      <spirit:displayName>C S Axi Awuser Width</spirit:displayName>
      <spirit:value spirit:format="long" spirit:resolve="user" spirit:id="PARAM_VALUE.C_S_AXI_AWUSER_WIDTH">32</spirit:value>
    </spirit:parameter>
    <spirit:parameter>
      <spirit:name>C_S_AXI_WUSER_WIDTH</spirit:name>
      <spirit:displayName>C S Axi Wuser Width</spirit:displayName>
      <spirit:value spirit:format="long" spirit:resolve="user" spirit:id="PARAM_VALUE.C_S_AXI_WUSER_WIDTH">32</spirit:value>
    </spirit:parameter>
    <spirit:parameter>
      <spirit:name>C_S_AXI_RUSER_WIDTH</spirit:name>
      <spirit:displayName>C S Axi Ruser Width</spirit:displayName>
      <spirit:value spirit:format="long" spirit:resolve="user" spirit:id="PARAM_VALUE.C_S_AXI_RUSER_WIDTH">32</spirit:value>
    </spirit:parameter>
    <spirit:parameter>
      <spirit:name>C_S_AXI_BUSER_WIDTH</spirit:name>
      <spirit:displayName>C S Axi Buser Width</spirit:displayName>
      <spirit:value spirit:format="long" spirit:resolve="user" spirit:id="PARAM_VALUE.C_S_AXI_BUSER_WIDTH">32</spirit:value>
    </spirit:parameter>
  </spirit:parameters>
  <spirit:vendorExtensions>
    <xilinx:coreExtensions>
      <xilinx:supportedFamilies>
        <xilinx:family xilinx:lifeCycle="Pre-Production">artix7</xilinx:family>
      </xilinx:supportedFamilies>
      <xilinx:taxonomies>
        <xilinx:taxonomy>AXI_Peripheral</xilinx:taxonomy>
      </xilinx:taxonomies>
      <xilinx:displayName>axi_sdcard_v1.0</xilinx:displayName>
      <xilinx:coreRevision>15</xilinx:coreRevision>
      <xilinx:coreCreationDateTime>2020-07-04T02:53:55Z</xilinx:coreCreationDateTime>
      <xilinx:tags>
        <xilinx:tag xilinx:name="ui.data.coregen.dd@7e3caff7_ARCHIVE_LOCATION">c:/Users/tambechristian/Documents/Electronics/Nexys_A7/ip_repo/axi_sdcard_1.0</xilinx:tag>
        <xilinx:tag xilinx:name="ui.data.coregen.dd@51bc654a_ARCHIVE_LOCATION">c:/Users/tambechristian/Documents/Electronics/Nexys_A7/ip_repo/axi_sdcard_1.0</xilinx:tag>
        <xilinx:tag xilinx:name="ui.data.coregen.dd@509d39f1_ARCHIVE_LOCATION">c:/Users/tambechristian/Documents/Electronics/Nexys_A7/ip_repo/axi_sdcard_1.0</xilinx:tag>
        <xilinx:tag xilinx:name="ui.data.coregen.dd@15187e92_ARCHIVE_LOCATION">c:/Users/tambechristian/Documents/Electronics/Nexys_A7/ip_repo/axi_sdcard_1.0</xilinx:tag>
        <xilinx:tag xilinx:name="ui.data.coregen.dd@a9721f5_ARCHIVE_LOCATION">c:/Users/tambechristian/Documents/Electronics/Nexys_A7/ip_repo/axi_sdcard_1.0</xilinx:tag>
        <xilinx:tag xilinx:name="ui.data.coregen.dd@5ff6b02a_ARCHIVE_LOCATION">c:/Users/tambechristian/Documents/Electronics/Nexys_A7/ip_repo/axi_sdcard_1.0</xilinx:tag>
        <xilinx:tag xilinx:name="ui.data.coregen.dd@330646f6_ARCHIVE_LOCATION">c:/Users/tambechristian/Documents/Electronics/Nexys_A7/ip_repo/axi_sdcard_1.0</xilinx:tag>
        <xilinx:tag xilinx:name="ui.data.coregen.dd@123ebe43_ARCHIVE_LOCATION">c:/Users/tambechristian/Documents/Electronics/Nexys_A7/ip_repo/axi_sdcard_1.0</xilinx:tag>
        <xilinx:tag xilinx:name="ui.data.coregen.dd@3804c52f_ARCHIVE_LOCATION">c:/Users/tambechristian/Documents/Electronics/Nexys_A7/ip_repo/axi_sdcard_1.0</xilinx:tag>
        <xilinx:tag xilinx:name="ui.data.coregen.dd@36a578a6_ARCHIVE_LOCATION">c:/Users/tambechristian/Documents/Electronics/Nexys_A7/ip_repo/axi_sdcard_1.0</xilinx:tag>
        <xilinx:tag xilinx:name="ui.data.coregen.dd@352a7aea_ARCHIVE_LOCATION">c:/Users/tambechristian/Documents/Electronics/Nexys_A7/ip_repo/axi_sdcard_1.0</xilinx:tag>
        <xilinx:tag xilinx:name="ui.data.coregen.dd@5621ffd5_ARCHIVE_LOCATION">c:/Users/tambechristian/Documents/Electronics/Nexys_A7/ip_repo/axi_sdcard_1.0</xilinx:tag>
        <xilinx:tag xilinx:name="ui.data.coregen.dd@3767e67f_ARCHIVE_LOCATION">c:/Users/tambechristian/Documents/Electronics/Nexys_A7/ip_repo/axi_sdcard_1.0</xilinx:tag>
        <xilinx:tag xilinx:name="ui.data.coregen.dd@1364f01e_ARCHIVE_LOCATION">c:/Users/tambechristian/Documents/Electronics/Nexys_A7/ip_repo/axi_sdcard_1.0</xilinx:tag>
        <xilinx:tag xilinx:name="ui.data.coregen.dd@3cc31291_ARCHIVE_LOCATION">c:/Users/tambechristian/Documents/Electronics/Nexys_A7/ip_repo/axi_sdcard_1.0</xilinx:tag>
        <xilinx:tag xilinx:name="ui.data.coregen.dd@3f2d3f51_ARCHIVE_LOCATION">c:/Users/tambechristian/Documents/Electronics/Nexys_A7/ip_repo/axi_sdcard_1.0</xilinx:tag>
        <xilinx:tag xilinx:name="ui.data.coregen.dd@68af9231_ARCHIVE_LOCATION">c:/Users/tambechristian/Documents/Electronics/Nexys_A7/ip_repo/axi_sdcard_1.0</xilinx:tag>
        <xilinx:tag xilinx:name="ui.data.coregen.dd@755436c_ARCHIVE_LOCATION">c:/Users/tambechristian/Documents/Electronics/Nexys_A7/ip_repo/axi_sdcard_1.0</xilinx:tag>
        <xilinx:tag xilinx:name="ui.data.coregen.dd@1a46de93_ARCHIVE_LOCATION">c:/Users/tambechristian/Documents/Electronics/Nexys_A7/ip_repo/axi_sdcard_1.0</xilinx:tag>
        <xilinx:tag xilinx:name="ui.data.coregen.dd@3106cdbf_ARCHIVE_LOCATION">c:/Users/tambechristian/Documents/Electronics/Nexys_A7/ip_repo/axi_sdcard_1.0</xilinx:tag>
        <xilinx:tag xilinx:name="ui.data.coregen.dd@7d10a50a_ARCHIVE_LOCATION">c:/Users/tambechristian/Documents/Electronics/Nexys_A7/ip_repo/axi_sdcard_1.0</xilinx:tag>
        <xilinx:tag xilinx:name="ui.data.coregen.dd@7c581669_ARCHIVE_LOCATION">c:/Users/tambechristian/Documents/Electronics/Nexys_A7/ip_repo/axi_sdcard_1.0</xilinx:tag>
        <xilinx:tag xilinx:name="ui.data.coregen.dd@746b01b7_ARCHIVE_LOCATION">c:/Users/tambechristian/Documents/Electronics/Nexys_A7/ip_repo/axi_sdcard_1.0</xilinx:tag>
        <xilinx:tag xilinx:name="ui.data.coregen.dd@2cd0f4ba_ARCHIVE_LOCATION">c:/Users/tambechristian/Documents/Electronics/Nexys_A7/ip_repo/axi_sdcard_1.0</xilinx:tag>
        <xilinx:tag xilinx:name="ui.data.coregen.dd@20aadfed_ARCHIVE_LOCATION">c:/Users/tambechristian/Documents/Electronics/Nexys_A7/ip_repo/axi_sdcard_1.0</xilinx:tag>
        <xilinx:tag xilinx:name="ui.data.coregen.dd@22c836b_ARCHIVE_LOCATION">c:/Users/tambechristian/Documents/Electronics/Nexys_A7/ip_repo/axi_sdcard_1.0</xilinx:tag>
        <xilinx:tag xilinx:name="ui.data.coregen.dd@1447a8e9_ARCHIVE_LOCATION">c:/Users/tambechristian/Documents/Electronics/Nexys_A7/ip_repo/axi_sdcard_1.0</xilinx:tag>
        <xilinx:tag xilinx:name="ui.data.coregen.dd@18441413_ARCHIVE_LOCATION">c:/Users/tambechristian/Documents/Electronics/Nexys_A7/ip_repo/axi_sdcard_1.0</xilinx:tag>
        <xilinx:tag xilinx:name="ui.data.coregen.dd@6640e8fe_ARCHIVE_LOCATION">c:/Users/tambechristian/Documents/Electronics/Nexys_A7/ip_repo/axi_sdcard_1.0</xilinx:tag>
        <xilinx:tag xilinx:name="ui.data.coregen.dd@633948e7_ARCHIVE_LOCATION">c:/Users/tambechristian/Documents/Electronics/Nexys_A7/ip_repo/axi_sdcard_1.0</xilinx:tag>
        <xilinx:tag xilinx:name="ui.data.coregen.dd@2c3fa575_ARCHIVE_LOCATION">c:/Users/tambechristian/Documents/Electronics/Nexys_A7/ip_repo/axi_sdcard_1.0</xilinx:tag>
        <xilinx:tag xilinx:name="ui.data.coregen.dd@25beca6f_ARCHIVE_LOCATION">c:/Users/tambechristian/Documents/Electronics/Nexys_A7/ip_repo/axi_sdcard_1.0</xilinx:tag>
        <xilinx:tag xilinx:name="ui.data.coregen.dd@779a372d_ARCHIVE_LOCATION">c:/Users/tambechristian/Documents/Electronics/Nexys_A7/ip_repo/axi_sdcard_1.0</xilinx:tag>
        <xilinx:tag xilinx:name="ui.data.coregen.dd@1ddadb7d_ARCHIVE_LOCATION">c:/Users/tambechristian/Documents/Electronics/Nexys_A7/ip_repo/axi_sdcard_1.0</xilinx:tag>
        <xilinx:tag xilinx:name="ui.data.coregen.dd@7417ee3d_ARCHIVE_LOCATION">c:/Users/tambechristian/Documents/Electronics/Nexys_A7/ip_repo/axi_sdcard_1.0</xilinx:tag>
        <xilinx:tag xilinx:name="ui.data.coregen.dd@12daf4c6_ARCHIVE_LOCATION">c:/Users/tambechristian/Documents/Electronics/Nexys_A7/ip_repo/axi_sdcard_1.0</xilinx:tag>
        <xilinx:tag xilinx:name="ui.data.coregen.dd@2983f73e_ARCHIVE_LOCATION">c:/Users/tambechristian/Documents/Electronics/Nexys_A7/ip_repo/axi_sdcard_1.0</xilinx:tag>
        <xilinx:tag xilinx:name="ui.data.coregen.dd@6c4e5b3d_ARCHIVE_LOCATION">c:/Users/tambechristian/Documents/Electronics/Nexys_A7/ip_repo/axi_sdcard_1.0</xilinx:tag>
        <xilinx:tag xilinx:name="ui.data.coregen.dd@c17397b_ARCHIVE_LOCATION">c:/Users/tambechristian/Documents/Electronics/Nexys_A7/ip_repo/axi_sdcard_1.0</xilinx:tag>
        <xilinx:tag xilinx:name="ui.data.coregen.dd@1d903c42_ARCHIVE_LOCATION">c:/Users/tambechristian/Documents/Electronics/Nexys_A7/ip_repo/axi_sdcard_1.0</xilinx:tag>
        <xilinx:tag xilinx:name="ui.data.coregen.dd@37ff4927_ARCHIVE_LOCATION">c:/Users/tambechristian/Documents/Electronics/Nexys_A7/ip_repo/axi_sdcard_1.0</xilinx:tag>
        <xilinx:tag xilinx:name="ui.data.coregen.dd@1ce59272_ARCHIVE_LOCATION">c:/Users/tambechristian/Documents/Electronics/Nexys_A7/ip_repo/axi_sdcard_1.0</xilinx:tag>
        <xilinx:tag xilinx:name="ui.data.coregen.dd@3817f987_ARCHIVE_LOCATION">c:/Users/tambechristian/Documents/Electronics/Nexys_A7/ip_repo/axi_sdcard_1.0</xilinx:tag>
        <xilinx:tag xilinx:name="ui.data.coregen.dd@192f32dc_ARCHIVE_LOCATION">c:/Users/tambechristian/Documents/Electronics/Nexys_A7/ip_repo/axi_sdcard_1.0</xilinx:tag>
        <xilinx:tag xilinx:name="ui.data.coregen.dd@399cf6e8_ARCHIVE_LOCATION">c:/Users/tambechristian/Documents/Electronics/Nexys_A7/ip_repo/axi_sdcard_1.0</xilinx:tag>
        <xilinx:tag xilinx:name="ui.data.coregen.dd@36f2d665_ARCHIVE_LOCATION">c:/Users/tambechristian/Documents/Electronics/Nexys_A7/ip_repo/axi_sdcard_1.0</xilinx:tag>
        <xilinx:tag xilinx:name="ui.data.coregen.dd@45ef315e_ARCHIVE_LOCATION">c:/Users/tambechristian/Documents/Electronics/Nexys_A7/ip_repo/axi_sdcard_1.0</xilinx:tag>
        <xilinx:tag xilinx:name="ui.data.coregen.dd@442743bf_ARCHIVE_LOCATION">c:/Users/tambechristian/Documents/Electronics/Nexys_A7/ip_repo/axi_sdcard_1.0</xilinx:tag>
        <xilinx:tag xilinx:name="ui.data.coregen.dd@32ba7b44_ARCHIVE_LOCATION">c:/Users/tambechristian/Documents/Electronics/Nexys_A7/ip_repo/axi_sdcard_1.0</xilinx:tag>
        <xilinx:tag xilinx:name="ui.data.coregen.dd@1953ae29_ARCHIVE_LOCATION">c:/Users/tambechristian/Documents/Electronics/Nexys_A7/ip_repo/axi_sdcard_1.0</xilinx:tag>
        <xilinx:tag xilinx:name="ui.data.coregen.dd@1e806372_ARCHIVE_LOCATION">c:/Users/tambechristian/Documents/Electronics/Nexys_A7/ip_repo/axi_sdcard_1.0</xilinx:tag>
        <xilinx:tag xilinx:name="ui.data.coregen.dd@4dc051c2_ARCHIVE_LOCATION">c:/Users/tambechristian/Documents/Electronics/Nexys_A7/ip_repo/axi_sdcard_1.0</xilinx:tag>
        <xilinx:tag xilinx:name="ui.data.coregen.dd@5ff6ba9d_ARCHIVE_LOCATION">c:/Users/tambechristian/Documents/Electronics/Nexys_A7/ip_repo/axi_sdcard_1.0</xilinx:tag>
        <xilinx:tag xilinx:name="ui.data.coregen.dd@221633f5_ARCHIVE_LOCATION">c:/Users/tambechristian/Documents/Electronics/Nexys_A7/ip_repo/axi_sdcard_1.0</xilinx:tag>
        <xilinx:tag xilinx:name="ui.data.coregen.dd@19ca34b4_ARCHIVE_LOCATION">c:/Users/tambechristian/Documents/Electronics/Nexys_A7/ip_repo/axi_sdcard_1.0</xilinx:tag>
        <xilinx:tag xilinx:name="ui.data.coregen.dd@46cc4f7f_ARCHIVE_LOCATION">c:/Users/tambechristian/Documents/Electronics/Nexys_A7/ip_repo/axi_sdcard_1.0</xilinx:tag>
        <xilinx:tag xilinx:name="ui.data.coregen.dd@25891380_ARCHIVE_LOCATION">c:/Users/tambechristian/Documents/Electronics/Nexys_A7/ip_repo/axi_sdcard_1.0</xilinx:tag>
        <xilinx:tag xilinx:name="ui.data.coregen.dd@31146a59_ARCHIVE_LOCATION">c:/Users/tambechristian/Documents/Electronics/Nexys_A7/ip_repo/axi_sdcard_1.0</xilinx:tag>
        <xilinx:tag xilinx:name="ui.data.coregen.dd@4b415cf3_ARCHIVE_LOCATION">c:/Users/tambechristian/Documents/Electronics/Nexys_A7/ip_repo/axi_sdcard_1.0</xilinx:tag>
        <xilinx:tag xilinx:name="ui.data.coregen.dd@1b373d93_ARCHIVE_LOCATION">c:/Users/tambechristian/Documents/Electronics/Nexys_A7/ip_repo/axi_sdcard_1.0</xilinx:tag>
        <xilinx:tag xilinx:name="ui.data.coregen.dd@3ff375dd_ARCHIVE_LOCATION">c:/Users/tambechristian/Documents/Electronics/Nexys_A7/ip_repo/axi_sdcard_1.0</xilinx:tag>
        <xilinx:tag xilinx:name="ui.data.coregen.dd@30e88499_ARCHIVE_LOCATION">c:/Users/tambechristian/Documents/Electronics/Nexys_A7/ip_repo/axi_sdcard_1.0</xilinx:tag>
        <xilinx:tag xilinx:name="ui.data.coregen.dd@5609083f_ARCHIVE_LOCATION">c:/Users/tambechristian/Documents/Electronics/Nexys_A7/ip_repo/axi_sdcard_1.0</xilinx:tag>
        <xilinx:tag xilinx:name="ui.data.coregen.dd@1a6159fb_ARCHIVE_LOCATION">c:/Users/tambechristian/Documents/Electronics/Nexys_A7/ip_repo/axi_sdcard_1.0</xilinx:tag>
        <xilinx:tag xilinx:name="ui.data.coregen.dd@3a598863_ARCHIVE_LOCATION">c:/Users/tambechristian/Documents/Electronics/Nexys_A7/ip_repo/axi_sdcard_1.0</xilinx:tag>
        <xilinx:tag xilinx:name="ui.data.coregen.dd@2d61d432_ARCHIVE_LOCATION">c:/Users/tambechristian/Documents/Electronics/Nexys_A7/ip_repo/axi_sdcard_1.0</xilinx:tag>
        <xilinx:tag xilinx:name="ui.data.coregen.dd@fa7ac9c_ARCHIVE_LOCATION">c:/Users/tambechristian/Documents/Electronics/Nexys_A7/ip_repo/axi_sdcard_1.0</xilinx:tag>
        <xilinx:tag xilinx:name="ui.data.coregen.dd@5f09b19c_ARCHIVE_LOCATION">c:/Users/tambechristian/Documents/Electronics/Nexys_A7/ip_repo/axi_sdcard_1.0</xilinx:tag>
        <xilinx:tag xilinx:name="ui.data.coregen.dd@18e4ed87_ARCHIVE_LOCATION">c:/Users/tambechristian/Documents/Electronics/Nexys_A7/ip_repo/axi_sdcard_1.0</xilinx:tag>
        <xilinx:tag xilinx:name="ui.data.coregen.dd@11a1f7be_ARCHIVE_LOCATION">c:/Users/tambechristian/Documents/Electronics/Nexys_A7/ip_repo/axi_sdcard_1.0</xilinx:tag>
        <xilinx:tag xilinx:name="ui.data.coregen.dd@2f049996_ARCHIVE_LOCATION">c:/Users/tambechristian/Documents/Electronics/Nexys_A7/ip_repo/axi_sdcard_1.0</xilinx:tag>
        <xilinx:tag xilinx:name="ui.data.coregen.dd@76abee84_ARCHIVE_LOCATION">c:/Users/tambechristian/Documents/Electronics/Nexys_A7/ip_repo/axi_sdcard_1.0</xilinx:tag>
        <xilinx:tag xilinx:name="ui.data.coregen.dd@6a17c2ab_ARCHIVE_LOCATION">c:/Users/tambechristian/Documents/Electronics/Nexys_A7/ip_repo/axi_sdcard_1.0</xilinx:tag>
        <xilinx:tag xilinx:name="ui.data.coregen.dd@11fc3284_ARCHIVE_LOCATION">c:/Users/tambechristian/Documents/Electronics/Nexys_A7/ip_repo/axi_sdcard_1.0</xilinx:tag>
        <xilinx:tag xilinx:name="ui.data.coregen.dd@51067066_ARCHIVE_LOCATION">c:/Users/tambechristian/Documents/Electronics/Nexys_A7/ip_repo/axi_sdcard_1.0</xilinx:tag>
        <xilinx:tag xilinx:name="ui.data.coregen.dd@64fa9d1b_ARCHIVE_LOCATION">c:/Users/tambechristian/Documents/Electronics/Nexys_A7/ip_repo/axi_sdcard_1.0</xilinx:tag>
        <xilinx:tag xilinx:name="ui.data.coregen.dd@6f0477c1_ARCHIVE_LOCATION">c:/Users/tambechristian/Documents/Electronics/Nexys_A7/ip_repo/axi_sdcard_1.0</xilinx:tag>
        <xilinx:tag xilinx:name="ui.data.coregen.dd@38d5cca3_ARCHIVE_LOCATION">c:/Users/tambechristian/Documents/Electronics/Nexys_A7/ip_repo/axi_sdcard_1.0</xilinx:tag>
        <xilinx:tag xilinx:name="ui.data.coregen.dd@677ee882_ARCHIVE_LOCATION">c:/Users/tambechristian/Documents/Electronics/Nexys_A7/ip_repo/axi_sdcard_1.0</xilinx:tag>
        <xilinx:tag xilinx:name="ui.data.coregen.dd@33565376_ARCHIVE_LOCATION">c:/Users/tambechristian/Documents/Electronics/Nexys_A7/ip_repo/axi_sdcard_1.0</xilinx:tag>
        <xilinx:tag xilinx:name="ui.data.coregen.dd@15753c1_ARCHIVE_LOCATION">c:/Users/tambechristian/Documents/Electronics/Nexys_A7/ip_repo/axi_sdcard_1.0</xilinx:tag>
        <xilinx:tag xilinx:name="ui.data.coregen.dd@7cead5f2_ARCHIVE_LOCATION">c:/Users/tambechristian/Documents/Electronics/Nexys_A7/ip_repo/axi_sdcard_1.0</xilinx:tag>
        <xilinx:tag xilinx:name="ui.data.coregen.dd@5302456b_ARCHIVE_LOCATION">c:/Users/tambechristian/Documents/Electronics/Nexys_A7/ip_repo/axi_sdcard_1.0</xilinx:tag>
        <xilinx:tag xilinx:name="ui.data.coregen.dd@40b12a27_ARCHIVE_LOCATION">c:/Users/tambechristian/Documents/Electronics/Nexys_A7/ip_repo/axi_sdcard_1.0</xilinx:tag>
        <xilinx:tag xilinx:name="ui.data.coregen.dd@52fac3f3_ARCHIVE_LOCATION">c:/Users/tambechristian/Documents/Electronics/Nexys_A7/ip_repo/axi_sdcard_1.0</xilinx:tag>
        <xilinx:tag xilinx:name="ui.data.coregen.dd@3ce3707_ARCHIVE_LOCATION">c:/Users/tambechristian/Documents/Electronics/Nexys_A7/ip_repo/axi_sdcard_1.0</xilinx:tag>
        <xilinx:tag xilinx:name="ui.data.coregen.dd@35cf652b_ARCHIVE_LOCATION">c:/Users/tambechristian/Documents/Electronics/Nexys_A7/ip_repo/axi_sdcard_1.0</xilinx:tag>
        <xilinx:tag xilinx:name="ui.data.coregen.dd@60fad62e_ARCHIVE_LOCATION">c:/Users/tambechristian/Documents/Electronics/Nexys_A7/ip_repo/axi_sdcard_1.0</xilinx:tag>
        <xilinx:tag xilinx:name="ui.data.coregen.dd@53d32273_ARCHIVE_LOCATION">c:/Users/tambechristian/Documents/Electronics/Nexys_A7/ip_repo/axi_sdcard_1.0</xilinx:tag>
        <xilinx:tag xilinx:name="ui.data.coregen.dd@1f6b08f7_ARCHIVE_LOCATION">c:/Users/tambechristian/Documents/Electronics/Nexys_A7/ip_repo/axi_sdcard_1.0</xilinx:tag>
        <xilinx:tag xilinx:name="ui.data.coregen.dd@33310955_ARCHIVE_LOCATION">c:/Users/tambechristian/Documents/Electronics/Nexys_A7/ip_repo/axi_sdcard_1.0</xilinx:tag>
        <xilinx:tag xilinx:name="ui.data.coregen.dd@2bac1771_ARCHIVE_LOCATION">c:/Users/tambechristian/Documents/Electronics/Nexys_A7/ip_repo/axi_sdcard_1.0</xilinx:tag>
        <xilinx:tag xilinx:name="ui.data.coregen.dd@4aa4afba_ARCHIVE_LOCATION">c:/Users/tambechristian/Documents/Electronics/Nexys_A7/ip_repo/axi_sdcard_1.0</xilinx:tag>
        <xilinx:tag xilinx:name="ui.data.coregen.dd@72203d5f_ARCHIVE_LOCATION">c:/Users/tambechristian/Documents/Electronics/Nexys_A7/ip_repo/axi_sdcard_1.0</xilinx:tag>
        <xilinx:tag xilinx:name="ui.data.coregen.dd@341720aa_ARCHIVE_LOCATION">c:/Users/tambechristian/Documents/Electronics/Nexys_A7/ip_repo/axi_sdcard_1.0</xilinx:tag>
        <xilinx:tag xilinx:name="ui.data.coregen.dd@13688202_ARCHIVE_LOCATION">c:/Users/tambechristian/Documents/Electronics/Nexys_A7/ip_repo/axi_sdcard_1.0</xilinx:tag>
        <xilinx:tag xilinx:name="ui.data.coregen.dd@713b89f6_ARCHIVE_LOCATION">c:/Users/tambechristian/Documents/Electronics/Nexys_A7/ip_repo/axi_sdcard_1.0</xilinx:tag>
        <xilinx:tag xilinx:name="ui.data.coregen.dd@35d8707e_ARCHIVE_LOCATION">c:/Users/tambechristian/Documents/Electronics/Nexys_A7/ip_repo/axi_sdcard_1.0</xilinx:tag>
        <xilinx:tag xilinx:name="ui.data.coregen.dd@b5e024e_ARCHIVE_LOCATION">c:/Users/tambechristian/Documents/Electronics/Nexys_A7/ip_repo/axi_sdcard_1.0</xilinx:tag>
        <xilinx:tag xilinx:name="ui.data.coregen.dd@5c4f6310_ARCHIVE_LOCATION">c:/Users/tambechristian/Documents/Electronics/Nexys_A7/ip_repo/axi_sdcard_1.0</xilinx:tag>
        <xilinx:tag xilinx:name="ui.data.coregen.dd@4802350a_ARCHIVE_LOCATION">c:/Users/tambechristian/Documents/Electronics/Nexys_A7/ip_repo/axi_sdcard_1.0</xilinx:tag>
        <xilinx:tag xilinx:name="ui.data.coregen.dd@3693737d_ARCHIVE_LOCATION">c:/Users/tambechristian/Documents/Electronics/Nexys_A7/ip_repo/axi_sdcard_1.0</xilinx:tag>
        <xilinx:tag xilinx:name="ui.data.coregen.dd@4c996f08_ARCHIVE_LOCATION">c:/Users/tambechristian/Documents/Electronics/Nexys_A7/ip_repo/axi_sdcard_1.0</xilinx:tag>
        <xilinx:tag xilinx:name="ui.data.coregen.dd@315cd6eb_ARCHIVE_LOCATION">c:/Users/tambechristian/Documents/Electronics/Nexys_A7/ip_repo/axi_sdcard_1.0</xilinx:tag>
        <xilinx:tag xilinx:name="ui.data.coregen.dd@324cde2d_ARCHIVE_LOCATION">c:/Users/tambechristian/Documents/Electronics/Nexys_A7/ip_repo/axi_sdcard_1.0</xilinx:tag>
        <xilinx:tag xilinx:name="ui.data.coregen.dd@11d6b028_ARCHIVE_LOCATION">c:/Users/tambechristian/Documents/Electronics/Nexys_A7/ip_repo/axi_sdcard_1.0</xilinx:tag>
        <xilinx:tag xilinx:name="ui.data.coregen.dd@538e4f3f_ARCHIVE_LOCATION">c:/Users/tambechristian/Documents/Electronics/Nexys_A7/ip_repo/axi_sdcard_1.0</xilinx:tag>
        <xilinx:tag xilinx:name="ui.data.coregen.dd@7af9d7ef_ARCHIVE_LOCATION">c:/Users/tambechristian/Documents/Electronics/Nexys_A7/ip_repo/axi_sdcard_1.0</xilinx:tag>
        <xilinx:tag xilinx:name="ui.data.coregen.dd@afce606_ARCHIVE_LOCATION">c:/Users/tambechristian/Documents/Electronics/Nexys_A7/ip_repo/axi_sdcard_1.0</xilinx:tag>
        <xilinx:tag xilinx:name="ui.data.coregen.dd@1ffdd12d_ARCHIVE_LOCATION">c:/Users/tambechristian/Documents/Electronics/Nexys_A7/ip_repo/axi_sdcard_1.0</xilinx:tag>
        <xilinx:tag xilinx:name="ui.data.coregen.dd@46343893_ARCHIVE_LOCATION">c:/Users/tambechristian/Documents/Electronics/Nexys_A7/ip_repo/axi_sdcard_1.0</xilinx:tag>
        <xilinx:tag xilinx:name="ui.data.coregen.dd@2298af5f_ARCHIVE_LOCATION">c:/Users/tambechristian/Documents/Electronics/Nexys_A7/ip_repo/axi_sdcard_1.0</xilinx:tag>
        <xilinx:tag xilinx:name="ui.data.coregen.dd@67dac58e_ARCHIVE_LOCATION">c:/Users/tambechristian/Documents/Electronics/Nexys_A7/ip_repo/axi_sdcard_1.0</xilinx:tag>
        <xilinx:tag xilinx:name="ui.data.coregen.dd@19283bc3_ARCHIVE_LOCATION">c:/Users/tambechristian/Documents/Electronics/Nexys_A7/ip_repo/axi_sdcard_1.0</xilinx:tag>
        <xilinx:tag xilinx:name="ui.data.coregen.dd@6ba996ee_ARCHIVE_LOCATION">c:/Users/tambechristian/Documents/Electronics/Nexys_A7/ip_repo/axi_sdcard_1.0</xilinx:tag>
        <xilinx:tag xilinx:name="ui.data.coregen.dd@2c18423f_ARCHIVE_LOCATION">c:/Users/tambechristian/Documents/Electronics/Nexys_A7/ip_repo/axi_sdcard_1.0</xilinx:tag>
        <xilinx:tag xilinx:name="ui.data.coregen.dd@79d1128b_ARCHIVE_LOCATION">c:/Users/tambechristian/Documents/Electronics/Nexys_A7/ip_repo/axi_sdcard_1.0</xilinx:tag>
        <xilinx:tag xilinx:name="ui.data.coregen.dd@701c1468_ARCHIVE_LOCATION">c:/Users/tambechristian/Documents/Electronics/Nexys_A7/ip_repo/axi_sdcard_1.0</xilinx:tag>
        <xilinx:tag xilinx:name="ui.data.coregen.dd@615c5f46_ARCHIVE_LOCATION">c:/Users/tambechristian/Documents/Electronics/Nexys_A7/ip_repo/axi_sdcard_1.0</xilinx:tag>
        <xilinx:tag xilinx:name="ui.data.coregen.dd@54c90076_ARCHIVE_LOCATION">c:/Users/tambechristian/Documents/Electronics/Nexys_A7/ip_repo/axi_sdcard_1.0</xilinx:tag>
        <xilinx:tag xilinx:name="ui.data.coregen.dd@54c712ce_ARCHIVE_LOCATION">c:/Users/tambechristian/Documents/Electronics/Nexys_A7/ip_repo/axi_sdcard_1.0</xilinx:tag>
        <xilinx:tag xilinx:name="ui.data.coregen.dd@5a7b1d45_ARCHIVE_LOCATION">c:/Users/tambechristian/Documents/Electronics/Nexys_A7/ip_repo/axi_sdcard_1.0</xilinx:tag>
        <xilinx:tag xilinx:name="ui.data.coregen.dd@4f2984c8_ARCHIVE_LOCATION">c:/Users/tambechristian/Documents/Electronics/Nexys_A7/ip_repo/axi_sdcard_1.0</xilinx:tag>
        <xilinx:tag xilinx:name="ui.data.coregen.dd@7eb61034_ARCHIVE_LOCATION">c:/Users/tambechristian/Documents/Electronics/Nexys_A7/ip_repo/axi_sdcard_1.0</xilinx:tag>
        <xilinx:tag xilinx:name="ui.data.coregen.dd@426a9f6c_ARCHIVE_LOCATION">c:/Users/tambechristian/Documents/Electronics/Nexys_A7/ip_repo/axi_sdcard_1.0</xilinx:tag>
        <xilinx:tag xilinx:name="ui.data.coregen.dd@56555fe6_ARCHIVE_LOCATION">c:/Users/tambechristian/Documents/Electronics/Nexys_A7/ip_repo/axi_sdcard_1.0</xilinx:tag>
        <xilinx:tag xilinx:name="ui.data.coregen.dd@70385b38_ARCHIVE_LOCATION">c:/Users/tambechristian/Documents/Electronics/Nexys_A7/ip_repo/axi_sdcard_1.0</xilinx:tag>
        <xilinx:tag xilinx:name="ui.data.coregen.dd@db030c7_ARCHIVE_LOCATION">c:/Users/tambechristian/Documents/Electronics/Nexys_A7/ip_repo/axi_sdcard_1.0</xilinx:tag>
        <xilinx:tag xilinx:name="ui.data.coregen.dd@6e04c065_ARCHIVE_LOCATION">c:/Users/tambechristian/Documents/Electronics/Nexys_A7/ip_repo/axi_sdcard_1.0</xilinx:tag>
        <xilinx:tag xilinx:name="ui.data.coregen.dd@2f9b753b_ARCHIVE_LOCATION">c:/Users/tambechristian/Documents/Electronics/Nexys_A7/ip_repo/axi_sdcard_1.0</xilinx:tag>
        <xilinx:tag xilinx:name="ui.data.coregen.dd@729fca86_ARCHIVE_LOCATION">c:/Users/tambechristian/Documents/Electronics/Nexys_A7/ip_repo/axi_sdcard_1.0</xilinx:tag>
        <xilinx:tag xilinx:name="ui.data.coregen.dd@612c7e86_ARCHIVE_LOCATION">c:/Users/tambechristian/Documents/Electronics/Nexys_A7/ip_repo/axi_sdcard_1.0</xilinx:tag>
        <xilinx:tag xilinx:name="ui.data.coregen.dd@57887464_ARCHIVE_LOCATION">c:/Users/tambechristian/Documents/Electronics/Nexys_A7/ip_repo/axi_sdcard_1.0</xilinx:tag>
        <xilinx:tag xilinx:name="ui.data.coregen.dd@3d46c898_ARCHIVE_LOCATION">c:/Users/tambechristian/Documents/Electronics/Nexys_A7/ip_repo/axi_sdcard_1.0</xilinx:tag>
        <xilinx:tag xilinx:name="ui.data.coregen.dd@63474232_ARCHIVE_LOCATION">c:/Users/tambechristian/Documents/Electronics/Nexys_A7/ip_repo/axi_sdcard_1.0</xilinx:tag>
        <xilinx:tag xilinx:name="ui.data.coregen.dd@5d5102_ARCHIVE_LOCATION">c:/Users/tambechristian/Documents/Electronics/Nexys_A7/ip_repo/axi_sdcard_1.0</xilinx:tag>
        <xilinx:tag xilinx:name="ui.data.coregen.dd@15e18d17_ARCHIVE_LOCATION">c:/Users/tambechristian/Documents/Electronics/Nexys_A7/ip_repo/axi_sdcard_1.0</xilinx:tag>
        <xilinx:tag xilinx:name="ui.data.coregen.dd@1703b4dd_ARCHIVE_LOCATION">c:/Users/tambechristian/Documents/Electronics/Nexys_A7/ip_repo/axi_sdcard_1.0</xilinx:tag>
        <xilinx:tag xilinx:name="ui.data.coregen.dd@7cab12ab_ARCHIVE_LOCATION">c:/Users/tambechristian/Documents/Electronics/Nexys_A7/ip_repo/axi_sdcard_1.0</xilinx:tag>
        <xilinx:tag xilinx:name="ui.data.coregen.dd@533948ae_ARCHIVE_LOCATION">c:/Users/tambechristian/Documents/Electronics/Nexys_A7/ip_repo/axi_sdcard_1.0</xilinx:tag>
        <xilinx:tag xilinx:name="ui.data.coregen.dd@353f1b27_ARCHIVE_LOCATION">c:/Users/tambechristian/Documents/Electronics/Nexys_A7/ip_repo/axi_sdcard_1.0</xilinx:tag>
        <xilinx:tag xilinx:name="ui.data.coregen.dd@504812a6_ARCHIVE_LOCATION">c:/Users/tambechristian/Documents/Electronics/Nexys_A7/ip_repo/axi_sdcard_1.0</xilinx:tag>
        <xilinx:tag xilinx:name="ui.data.coregen.dd@3b942cd9_ARCHIVE_LOCATION">c:/Users/tambechristian/Documents/Electronics/Nexys_A7/ip_repo/axi_sdcard_1.0</xilinx:tag>
        <xilinx:tag xilinx:name="ui.data.coregen.dd@2c7593a0_ARCHIVE_LOCATION">c:/Users/tambechristian/Documents/Electronics/Nexys_A7/ip_repo/axi_sdcard_1.0</xilinx:tag>
        <xilinx:tag xilinx:name="ui.data.coregen.dd@4e03697e_ARCHIVE_LOCATION">c:/Users/tambechristian/Documents/Electronics/Nexys_A7/ip_repo/axi_sdcard_1.0</xilinx:tag>
        <xilinx:tag xilinx:name="ui.data.coregen.dd@2da827f2_ARCHIVE_LOCATION">c:/Users/tambechristian/Documents/Electronics/Nexys_A7/ip_repo/axi_sdcard_1.0</xilinx:tag>
        <xilinx:tag xilinx:name="ui.data.coregen.dd@1a9ecded_ARCHIVE_LOCATION">c:/Users/tambechristian/Documents/Electronics/Nexys_A7/ip_repo/axi_sdcard_1.0</xilinx:tag>
        <xilinx:tag xilinx:name="ui.data.coregen.dd@4662d3c4_ARCHIVE_LOCATION">c:/Users/tambechristian/Documents/Electronics/Nexys_A7/ip_repo/axi_sdcard_1.0</xilinx:tag>
        <xilinx:tag xilinx:name="ui.data.coregen.dd@74893486_ARCHIVE_LOCATION">c:/Users/tambechristian/Documents/Electronics/Nexys_A7/ip_repo/axi_sdcard_1.0</xilinx:tag>
        <xilinx:tag xilinx:name="ui.data.coregen.dd@299a441b_ARCHIVE_LOCATION">c:/Users/tambechristian/Documents/Electronics/Nexys_A7/ip_repo/axi_sdcard_1.0</xilinx:tag>
        <xilinx:tag xilinx:name="ui.data.coregen.dd@19e7bbcd_ARCHIVE_LOCATION">c:/Users/tambechristian/Documents/Electronics/Nexys_A7/ip_repo/axi_sdcard_1.0</xilinx:tag>
        <xilinx:tag xilinx:name="ui.data.coregen.dd@2121cdae_ARCHIVE_LOCATION">c:/Users/tambechristian/Documents/Electronics/Nexys_A7/ip_repo/axi_sdcard_1.0</xilinx:tag>
        <xilinx:tag xilinx:name="ui.data.coregen.dd@4ed18798_ARCHIVE_LOCATION">c:/Users/tambechristian/Documents/Electronics/Nexys_A7/ip_repo/axi_sdcard_1.0</xilinx:tag>
        <xilinx:tag xilinx:name="ui.data.coregen.dd@39639139_ARCHIVE_LOCATION">c:/Users/tambechristian/Documents/Electronics/Nexys_A7/ip_repo/axi_sdcard_1.0</xilinx:tag>
        <xilinx:tag xilinx:name="ui.data.coregen.dd@4b24a794_ARCHIVE_LOCATION">c:/Users/tambechristian/Documents/Electronics/Nexys_A7/ip_repo/axi_sdcard_1.0</xilinx:tag>
        <xilinx:tag xilinx:name="ui.data.coregen.dd@71bc619e_ARCHIVE_LOCATION">c:/Users/tambechristian/Documents/Electronics/Nexys_A7/ip_repo/axi_sdcard_1.0</xilinx:tag>
        <xilinx:tag xilinx:name="ui.data.coregen.dd@7c652958_ARCHIVE_LOCATION">c:/Users/tambechristian/Documents/Electronics/Nexys_A7/ip_repo/axi_sdcard_1.0</xilinx:tag>
        <xilinx:tag xilinx:name="ui.data.coregen.dd@484442e_ARCHIVE_LOCATION">c:/Users/tambechristian/Documents/Electronics/Nexys_A7/ip_repo/axi_sdcard_1.0</xilinx:tag>
        <xilinx:tag xilinx:name="ui.data.coregen.dd@729e0484_ARCHIVE_LOCATION">c:/Users/tambechristian/Documents/Electronics/Nexys_A7/ip_repo/axi_sdcard_1.0</xilinx:tag>
        <xilinx:tag xilinx:name="ui.data.coregen.dd@3c3885f_ARCHIVE_LOCATION">c:/Users/tambechristian/Documents/Electronics/Nexys_A7/ip_repo/axi_sdcard_1.0</xilinx:tag>
        <xilinx:tag xilinx:name="ui.data.coregen.dd@30086f9e_ARCHIVE_LOCATION">c:/Users/tambechristian/Documents/Electronics/Nexys_A7/ip_repo/axi_sdcard_1.0</xilinx:tag>
        <xilinx:tag xilinx:name="ui.data.coregen.dd@bc0cd76_ARCHIVE_LOCATION">c:/Users/tambechristian/Documents/Electronics/Nexys_A7/ip_repo/axi_sdcard_1.0</xilinx:tag>
        <xilinx:tag xilinx:name="ui.data.coregen.dd@20b6966c_ARCHIVE_LOCATION">c:/Users/tambechristian/Documents/Electronics/Nexys_A7/ip_repo/axi_sdcard_1.0</xilinx:tag>
        <xilinx:tag xilinx:name="ui.data.coregen.dd@3aa99ded_ARCHIVE_LOCATION">c:/Users/tambechristian/Documents/Electronics/Nexys_A7/ip_repo/axi_sdcard_1.0</xilinx:tag>
        <xilinx:tag xilinx:name="ui.data.coregen.dd@4ecbbca9_ARCHIVE_LOCATION">c:/Users/tambechristian/Documents/Electronics/Nexys_A7/ip_repo/axi_sdcard_1.0</xilinx:tag>
        <xilinx:tag xilinx:name="ui.data.coregen.dd@10c35d72_ARCHIVE_LOCATION">c:/Users/tambechristian/Documents/Electronics/Nexys_A7/ip_repo/axi_sdcard_1.0</xilinx:tag>
        <xilinx:tag xilinx:name="ui.data.coregen.dd@642baa43_ARCHIVE_LOCATION">c:/Users/tambechristian/Documents/Electronics/Nexys_A7/ip_repo/axi_sdcard_1.0</xilinx:tag>
        <xilinx:tag xilinx:name="ui.data.coregen.dd@6cf3d1b9_ARCHIVE_LOCATION">c:/Users/tambechristian/Documents/Electronics/Nexys_A7/ip_repo/axi_sdcard_1.0</xilinx:tag>
        <xilinx:tag xilinx:name="ui.data.coregen.dd@26204a11_ARCHIVE_LOCATION">c:/Users/tambechristian/Documents/Electronics/Nexys_A7/ip_repo/axi_sdcard_1.0</xilinx:tag>
        <xilinx:tag xilinx:name="ui.data.coregen.dd@66d7184_ARCHIVE_LOCATION">c:/Users/tambechristian/Documents/Electronics/Nexys_A7/ip_repo/axi_sdcard_1.0</xilinx:tag>
        <xilinx:tag xilinx:name="ui.data.coregen.dd@620d8284_ARCHIVE_LOCATION">c:/Users/tambechristian/Documents/Electronics/Nexys_A7/ip_repo/axi_sdcard_1.0</xilinx:tag>
        <xilinx:tag xilinx:name="ui.data.coregen.dd@42424f2d_ARCHIVE_LOCATION">c:/Users/tambechristian/Documents/Electronics/Nexys_A7/ip_repo/axi_sdcard_1.0</xilinx:tag>
        <xilinx:tag xilinx:name="ui.data.coregen.dd@2ca4204f_ARCHIVE_LOCATION">c:/Users/tambechristian/Documents/Electronics/Nexys_A7/ip_repo/axi_sdcard_1.0</xilinx:tag>
        <xilinx:tag xilinx:name="ui.data.coregen.dd@a566528_ARCHIVE_LOCATION">c:/Users/tambechristian/Documents/Electronics/Nexys_A7/ip_repo/axi_sdcard_1.0</xilinx:tag>
        <xilinx:tag xilinx:name="ui.data.coregen.dd@246e3564_ARCHIVE_LOCATION">c:/Users/tambechristian/Documents/Electronics/Nexys_A7/ip_repo/axi_sdcard_1.0</xilinx:tag>
        <xilinx:tag xilinx:name="ui.data.coregen.dd@41dcc9f3_ARCHIVE_LOCATION">c:/Users/tambechristian/Documents/Electronics/Nexys_A7/ip_repo/axi_sdcard_1.0</xilinx:tag>
        <xilinx:tag xilinx:name="ui.data.coregen.dd@7c55b196_ARCHIVE_LOCATION">c:/Users/tambechristian/Documents/Electronics/Nexys_A7/ip_repo/axi_sdcard_1.0</xilinx:tag>
        <xilinx:tag xilinx:name="ui.data.coregen.dd@6166c4d6_ARCHIVE_LOCATION">c:/Users/tambechristian/Documents/Electronics/Nexys_A7/ip_repo/axi_sdcard_1.0</xilinx:tag>
        <xilinx:tag xilinx:name="ui.data.coregen.dd@2405cede_ARCHIVE_LOCATION">c:/Users/tambechristian/Documents/Electronics/Nexys_A7/ip_repo/axi_sdcard_1.0</xilinx:tag>
        <xilinx:tag xilinx:name="ui.data.coregen.dd@7b73d31a_ARCHIVE_LOCATION">c:/Users/tambechristian/Documents/Electronics/Nexys_A7/ip_repo/axi_sdcard_1.0</xilinx:tag>
        <xilinx:tag xilinx:name="ui.data.coregen.dd@53fb2f41_ARCHIVE_LOCATION">c:/Users/tambechristian/Documents/Electronics/Nexys_A7/ip_repo/axi_sdcard_1.0</xilinx:tag>
        <xilinx:tag xilinx:name="ui.data.coregen.dd@2f07825a_ARCHIVE_LOCATION">c:/Users/tambechristian/Documents/Electronics/Nexys_A7/ip_repo/axi_sdcard_1.0</xilinx:tag>
        <xilinx:tag xilinx:name="ui.data.coregen.dd@4f96e24_ARCHIVE_LOCATION">c:/Users/tambechristian/Documents/Electronics/Nexys_A7/ip_repo/axi_sdcard_1.0</xilinx:tag>
        <xilinx:tag xilinx:name="ui.data.coregen.dd@4f9fce77_ARCHIVE_LOCATION">c:/Users/tambechristian/Documents/Electronics/Nexys_A7/ip_repo/axi_sdcard_1.0</xilinx:tag>
        <xilinx:tag xilinx:name="ui.data.coregen.dd@54ca3944_ARCHIVE_LOCATION">c:/Users/tambechristian/Documents/Electronics/Nexys_A7/ip_repo/axi_sdcard_1.0</xilinx:tag>
        <xilinx:tag xilinx:name="ui.data.coregen.dd@3281d6eb_ARCHIVE_LOCATION">c:/Users/tambechristian/Documents/Electronics/Nexys_A7/ip_repo/axi_sdcard_1.0</xilinx:tag>
        <xilinx:tag xilinx:name="ui.data.coregen.dd@570c4956_ARCHIVE_LOCATION">c:/Users/tambechristian/Documents/Electronics/Nexys_A7/ip_repo/axi_sdcard_1.0</xilinx:tag>
        <xilinx:tag xilinx:name="ui.data.coregen.dd@1cb53de3_ARCHIVE_LOCATION">c:/Users/tambechristian/Documents/Electronics/Nexys_A7/ip_repo/axi_sdcard_1.0</xilinx:tag>
        <xilinx:tag xilinx:name="ui.data.coregen.dd@46ead415_ARCHIVE_LOCATION">c:/Users/tambechristian/Documents/Electronics/Nexys_A7/ip_repo/axi_sdcard_1.0</xilinx:tag>
        <xilinx:tag xilinx:name="ui.data.coregen.dd@5378b026_ARCHIVE_LOCATION">c:/Users/tambechristian/Documents/Electronics/Nexys_A7/ip_repo/axi_sdcard_1.0</xilinx:tag>
        <xilinx:tag xilinx:name="ui.data.coregen.dd@323ba2f5_ARCHIVE_LOCATION">c:/Users/tambechristian/Documents/Electronics/Nexys_A7/ip_repo/axi_sdcard_1.0</xilinx:tag>
        <xilinx:tag xilinx:name="ui.data.coregen.dd@1611b9db_ARCHIVE_LOCATION">c:/Users/tambechristian/Documents/Electronics/Nexys_A7/ip_repo/axi_sdcard_1.0</xilinx:tag>
      </xilinx:tags>
    </xilinx:coreExtensions>
    <xilinx:packagingInfo>
      <xilinx:xilinxVersion>2020.1</xilinx:xilinxVersion>
      <xilinx:checksum xilinx:scope="busInterfaces" xilinx:value="f7b12488"/>
      <xilinx:checksum xilinx:scope="memoryMaps" xilinx:value="c30980da"/>
      <xilinx:checksum xilinx:scope="fileGroups" xilinx:value="20bac5cc"/>
      <xilinx:checksum xilinx:scope="ports" xilinx:value="b4ac18c5"/>
      <xilinx:checksum xilinx:scope="hdlParameters" xilinx:value="78026133"/>
      <xilinx:checksum xilinx:scope="parameters" xilinx:value="d9203025"/>
    </xilinx:packagingInfo>
  </spirit:vendorExtensions>
</spirit:component>
